1976.12.12,1976,12,12,1,1,,,24,0,0,/en/players/jimmy-connors/c044/overview,jimmy-connors,c044
1976.12.12,1976,12,12,2,2,,,20,0,0,/en/players/bjorn-borg/b058/overview,bjorn-borg,b058
1976.12.12,1976,12,12,3,3,,,30,0,0,/en/players/ilie-nastase/n008/overview,ilie-nastase,n008
1976.12.12,1976,12,12,4,4,,,27,0,0,/en/players/manuel-orantes/o017/overview,manuel-orantes,o017
1976.12.12,1976,12,12,5,5,,,23,0,0,/en/players/raul-ramirez/r065/overview,raul-ramirez,r065
1976.12.12,1976,12,12,6,6,,,24,0,0,/en/players/guillermo-vilas/v028/overview,guillermo-vilas,v028
1976.12.12,1976,12,12,7,7,,,26,0,0,/en/players/adriano-panatta/p059/overview,adriano-panatta,p059
1976.12.12,1976,12,12,8,8,,,24,0,0,/en/players/harold-solomon/s065/overview,harold-solomon,s065
1976.12.12,1976,12,12,9,9,,,25,0,0,/en/players/eddie-dibbs/d026/overview,eddie-dibbs,d026
1976.12.12,1976,12,12,10,10,,,24,0,0,/en/players/brian-gottfried/g029/overview,brian-gottfried,g029
1976.12.12,1976,12,12,11,11,,,25,0,0,/en/players/roscoe-tanner/t006/overview,roscoe-tanner,t006
1976.12.12,1976,12,12,12,12,,,33,0,0,/en/players/arthur-ashe/a063/overview,arthur-ashe,a063
1976.12.12,1976,12,12,13,13,,,42,0,0,/en/players/ken-rosewall/r075/overview,ken-rosewall,r075
1976.12.12,1976,12,12,14,14,,,24,0,0,/en/players/wojtek-fibak/f020/overview,wojtek-fibak,f020
1976.12.12,1976,12,12,15,15,,,25,0,0,/en/players/dick-stockton/s090/overview,dick-stockton,s090
1976.12.12,1976,12,12,16,16,,,29,0,0,/en/players/stan-smith/s060/overview,stan-smith,s060
1976.12.12,1976,12,12,17,17,,,33,0,0,/en/players/mark-cox/c090/overview,mark-cox,c090
1976.12.12,1976,12,12,18,18,,,22,0,0,/en/players/vitas-gerulaitis/g008/overview,vitas-gerulaitis,g008
1976.12.12,1976,12,12,19,19,,,30,0,0,/en/players/jan-kodes/k049/overview,jan-kodes,k049
1976.12.12,1976,12,12,20,20,,,29,0,0,/en/players/robert-lutz/l045/overview,robert-lutz,l045
1976.12.12,1976,12,12,21,21,,,32,0,0,/en/players/john-newcombe/n044/overview,john-newcombe,n044
1976.12.12,1976,12,12,22,22,,,23,0,0,/en/players/corrado-barazzutti/b007/overview,corrado-barazzutti,b007
1976.12.12,1976,12,12,23,23,,,32,0,0,/en/players/tom-okker/o032/overview,tom-okker,o032
1976.12.12,1976,12,12,24,24,,,30,0,0,/en/players/jaime-fillol%20sr./f024/overview,jaime-fillol%20sr.,f024
1976.12.12,1976,12,12,25,25,,,35,0,0,/en/players/cliff-drysdale/d082/overview,cliff-drysdale,d082
1976.12.12,1976,12,12,26,26,,,34,0,0,/en/players/francois-jauffret/j031/overview,francois-jauffret,j031
1976.12.12,1976,12,12,27,27,,,30,0,0,/en/players/ray-ruffels/r076/overview,ray-ruffels,r076
1976.12.12,1976,12,12,28,28,,,29,0,0,/en/players/cliff-richey/r071/overview,cliff-richey,r071
1976.12.12,1976,12,12,30,30,,,26,0,0,/en/players/antonio-zugarelli/z013/overview,antonio-zugarelli,z013
1976.12.12,1976,12,12,31,31,,,22,0,0,/en/players/vijay-amritraj/a022/overview,vijay-amritraj,a022
1976.12.12,1976,12,12,31,31,,,22,0,0,/en/players/balazs-taroczy/t007/overview,balazs-taroczy,t007
1976.12.12,1976,12,12,33,33,,,25,0,0,/en/players/paolo-bertolucci/b129/overview,paolo-bertolucci,b129
1976.12.12,1976,12,12,34,34,,,21,0,0,/en/players/victor-pecci%20sr./p015/overview,victor-pecci%20sr.,p015
1976.12.12,1976,12,12,35,35,,,22,0,0,/en/players/mark-edmondson/e005/overview,mark-edmondson,e005
1976.12.12,1976,12,12,36,36,,,28,0,0,/en/players/brian-fairlie/f066/overview,brian-fairlie,f066
1976.12.12,1976,12,12,37,37,,,26,0,0,/en/players/phil-dent/d074/overview,phil-dent,d074
1976.12.12,1976,12,12,38,38,,,32,0,0,/en/players/dick-crealy/c093/overview,dick-crealy,c093
1976.12.12,1976,12,12,39,39,,,30,0,0,/en/players/raymond-moore/m118/overview,raymond-moore,m118
1976.12.12,1976,12,12,40,40,,,29,0,0,/en/players/hans-jurgen-pohmann/p082/overview,hans-jurgen-pohmann,p082
1976.12.12,1976,12,12,41,41,,,21,0,0,/en/players/buster%20c.-mottram/m154/overview,buster%20c.-mottram,m154
1976.12.12,1976,12,12,42,42,,,23,0,0,/en/players/jose-higueras/h019/overview,jose-higueras,h019
1976.12.12,1976,12,12,43,43,,,31,0,0,/en/players/ove%20nils-bengtson/b126/overview,ove%20nils-bengtson,b126
1976.12.12,1976,12,12,44,44,,,29,0,0,/en/players/zeljko-franulovic/f074/overview,zeljko-franulovic,f074
1976.12.12,1976,12,12,45,45,,,25,0,0,/en/players/ross-case/c020/overview,ross-case,c020
1976.12.12,1976,12,12,46,46,,,30,0,0,/en/players/tom-gorman/g078/overview,tom-gorman,g078
1976.12.12,1976,12,12,47,47,,,25,0,0,/en/players/john-alexander/a014/overview,john-alexander,a014
1976.12.12,1976,12,12,48,48,,,20,0,0,/en/players/gene-mayer/m038/overview,gene-mayer,m038
1976.12.12,1976,12,12,49,49,,,27,0,0,/en/players/haroon-rahim/r063/overview,haroon-rahim,r063
1976.12.12,1976,12,12,50,50,,,31,0,0,/en/players/tony-roche/r073/overview,tony-roche,r073
1976.12.12,1976,12,12,51,51,,,25,0,0,/en/players/ricardo-cano/c010/overview,ricardo-cano,c010
1976.12.12,1976,12,12,52,52,,,20,0,0,/en/players/bill-scanlon/s017/overview,bill-scanlon,s017
1976.12.12,1976,12,12,53,53,,,26,0,0,/en/players/geoff-masters/m139/overview,geoff-masters,m139
1976.12.12,1976,12,12,54,54,,,27,0,0,/en/players/karl-meiler/m055/overview,karl-meiler,m055
1976.12.12,1976,12,12,55,55,,,27,0,0,/en/players/andrew-pattison/p074/overview,andrew-pattison,p074
1976.12.12,1976,12,12,56,56,,,32,0,0,/en/players/charlie-pasarell/p072/overview,charlie-pasarell,p072
1976.12.12,1976,12,12,57,57,,,24,0,0,/en/players/byron-bertram/b130/overview,byron-bertram,b130
1976.12.12,1976,12,12,58,58,,,31,0,0,/en/players/thomas-koch/k036/overview,thomas-koch,k036
1976.12.12,1976,12,12,59,59,,,35,0,0,/en/players/marty-riessen/r055/overview,marty-riessen,r055
1976.12.12,1976,12,12,60,60,,,27,0,0,/en/players/jeff-borowiak/b059/overview,jeff-borowiak,b059
1976.12.12,1976,12,12,61,61,,,22,0,0,/en/players/john-lloyd/l036/overview,john-lloyd,l036
1976.12.12,1976,12,12,62,62,,,19,0,0,/en/players/billy-martin/m138/overview,billy-martin,m138
1976.12.12,1976,12,12,63,63,,,32,0,0,/en/players/alex-metreveli/m271/overview,alex-metreveli,m271
1976.12.12,1976,12,12,64,64,,,23,0,0,/en/players/jim-delaney/d072/overview,jim-delaney,d072
1976.12.12,1976,12,12,65,65,,,22,0,0,/en/players/bernard-mitton/m072/overview,bernard-mitton,m072
1976.12.12,1976,12,12,66,66,,,21,0,0,/en/players/belus-prajoux/p046/overview,belus-prajoux,p046
1976.12.12,1976,12,12,67,67,,,24,0,0,/en/players/kim-warwick/w006/overview,kim-warwick,w006
1976.12.12,1976,12,12,68,68,,,37,0,0,/en/players/nikola-pilic/p080/overview,nikola-pilic,p080
1976.12.12,1976,12,12,69,69,,,26,0,0,/en/players/jiri-hrebec/h066/overview,jiri-hrebec,h066
1976.12.12,1976,12,12,70,70,,,27,0,0,/en/players/hans-kary/k041/overview,hans-kary,k041
1976.12.12,1976,12,12,71,71,,,24,0,0,/en/players/terry-moor/m081/overview,terry-moor,m081
1976.12.12,1976,12,12,71,71,,,22,0,0,/en/players/ulrich-pinner/p034/overview,ulrich-pinner,p034
1976.12.12,1976,12,12,73,73,,,23,0,0,/en/players/james%20chico-hagey/h054/overview,james%20chico-hagey,h054
1976.12.12,1976,12,12,73,73,,,38,0,0,/en/players/rod-laver/l058/overview,rod-laver,l058
1976.12.12,1976,12,12,75,75,,,24,0,0,/en/players/sandy-mayer/m039/overview,sandy-mayer,m039
1976.12.12,1976,12,12,76,76,,,30,0,0,/en/players/sherwood-stewart/s082/overview,sherwood-stewart,s082
1976.12.12,1976,12,12,77,77,,,25,0,0,/en/players/steve-krulevitz/k053/overview,steve-krulevitz,k053
1976.12.12,1976,12,12,78,78,,,30,0,0,/en/players/jun-kuki/k054/overview,jun-kuki,k054
1976.12.12,1976,12,12,79,79,,,21,0,0,/en/players/butch-walts/w002/overview,butch-walts,w002
1976.12.12,1976,12,12,80,80,,,35,0,0,/en/players/roger-taylor/t050/overview,roger-taylor,t050
1976.12.12,1976,12,12,81,81,,,27,0,0,/en/players/mike-estep/e040/overview,mike-estep,e040
1976.12.12,1976,12,12,81,81,,,21,0,0,/en/players/brian-teacher/t011/overview,brian-teacher,t011
1976.12.12,1976,12,12,83,83,,,36,0,0,/en/players/bob-hewitt/h058/overview,bob-hewitt,h058
1976.12.12,1976,12,12,84,84,,,21,0,0,/en/players/trey-waltke/w045/overview,trey-waltke,w045
1976.12.12,1976,12,12,85,85,,,32,0,0,/en/players/colin-dibley/d076/overview,colin-dibley,d076
1976.12.12,1976,12,12,86,86,,,34,0,0,/en/players/frew-mcmillan/m111/overview,frew-mcmillan,m111
1976.12.12,1976,12,12,87,87,,,22,0,0,/en/players/paul-kronk/k073/overview,paul-kronk,k073
1976.12.12,1976,12,12,87,87,,,26,0,0,/en/players/fred-mcnair%20iv/m146/overview,fred-mcnair%20iv,m146
1976.12.12,1976,12,12,89,89,,,26,0,0,/en/players/syd-ball/b106/overview,syd-ball,b106
1976.12.12,1976,12,12,90,90,,,24,0,0,/en/players/sashi-menon/m058/overview,sashi-menon,m058
1976.12.12,1976,12,12,91,91,,,30,0,0,/en/players/ivan-molina/m152/overview,ivan-molina,m152
1976.12.12,1976,12,12,92,92,,,25,0,0,/en/players/mike-machette/m132/overview,mike-machette,m132
1976.12.12,1976,12,12,93,93,,,28,0,0,/en/players/jurgen-fassbender/f068/overview,jurgen-fassbender,f068
1976.12.12,1976,12,12,94,94,,,30,0,0,/en/players/julian-ganzabal/g068/overview,julian-ganzabal,g068
1976.12.12,1976,12,12,95,95,,,23,0,0,/en/players/jean-francois-caujolle/c082/overview,jean-francois-caujolle,c082
1976.12.12,1976,12,12,96,96,,,25,0,0,/en/players/kjell-johansson/j032/overview,kjell-johansson,j032
1976.12.12,1976,12,12,97,97,,,28,0,0,/en/players/john-yuill/y008/overview,john-yuill,y008
1976.12.12,1976,12,12,98,98,,,26,0,0,/en/players/alvaro-betancur/b131/overview,alvaro-betancur,b131
1976.12.12,1976,12,12,99,99,,,22,0,0,/en/players/pat-dupre/d048/overview,pat-dupre,d048
1976.12.12,1976,12,12,100,100,,,34,0,0,/en/players/juan-gisbert%20sr/g076/overview,juan-gisbert%20sr,g076
1976.12.12,1976,12,12,101,101,,,,0,0,/en/players/juan%20ignacio-muntanola/m157/overview,juan%20ignacio-muntanola,m157
1976.12.12,1976,12,12,101,101,,,23,0,0,/en/players/henry-pfister/p026/overview,henry-pfister,p026
1976.12.12,1976,12,12,103,103,,,31,0,0,/en/players/allan-stone/s148/overview,allan-stone,s148
1976.12.12,1976,12,12,104,104,,,27,0,0,/en/players/patrick-proisy/p085/overview,patrick-proisy,p085
1976.12.12,1976,12,12,105,105,,,22,0,0,/en/players/victor-amaya/a044/overview,victor-amaya,a044
1976.12.12,1976,12,12,106,106,,,29,0,0,/en/players/vladimir-zednik/z023/overview,vladimir-zednik,z023
1976.12.12,1976,12,12,107,107,,,29,0,0,/en/players/jairo-velasco%20sr/v294/overview,jairo-velasco%20sr,v294
1976.12.12,1976,12,12,108,108,,,32,0,0,/en/players/patricio-cornejo/c088/overview,patricio-cornejo,c088
1976.12.12,1976,12,12,108,108,,,24,0,0,/en/players/john-feaver/f008/overview,john-feaver,f008
1976.12.12,1976,12,12,108,108,,,24,0,0,/en/players/rolf-norberg/n048/overview,rolf-norberg,n048
1976.12.12,1976,12,12,108,108,,,25,0,0,/en/players/erik-van%20dillen/v049/overview,erik-van%20dillen,v049
1976.12.12,1976,12,12,108,108,,,20,0,0,/en/players/werner-zirngibl/z012/overview,werner-zirngibl,z012
1976.12.12,1976,12,12,113,113,,,25,0,0,/en/players/tim-gullikson/g048/overview,tim-gullikson,g048
1976.12.12,1976,12,12,114,114,,,32,0,0,/en/players/frantisek-pala/p100/overview,frantisek-pala,p100
1976.12.12,1976,12,12,115,115,,,20,0,0,/en/players/nick-saviano/s111/overview,nick-saviano,s111
1976.12.12,1976,12,12,116,116,,,21,0,0,/en/players/peter-fleming/f030/overview,peter-fleming,f030
1976.12.12,1976,12,12,116,116,,,22,0,0,/en/players/jean-louis-haillet/h041/overview,jean-louis-haillet,h041
1976.12.12,1976,12,12,118,118,,,29,0,0,/en/players/ismail-el%20shafei/e038/overview,ismail-el%20shafei,e038
1976.12.12,1976,12,12,119,119,,,23,0,0,/en/players/henry-bunis/b135/overview,henry-bunis,b135
1976.12.12,1976,12,12,119,119,,,25,0,0,/en/players/tom-gullikson/g049/overview,tom-gullikson,g049
1976.12.12,1976,12,12,119,119,,,26,0,0,/en/players/carlos-kirmayr/k009/overview,carlos-kirmayr,k009
1976.12.12,1976,12,12,122,122,,,21,0,0,/en/players/colin-dowdeswell/d037/overview,colin-dowdeswell,d037
1976.12.12,1976,12,12,123,123,,,25,0,0,/en/players/antonio-munoz/m156/overview,antonio-munoz,m156
1976.12.12,1976,12,12,124,124,,,29,0,0,/en/players/ramiro-benavides/b034/overview,ramiro-benavides,b034
1976.12.12,1976,12,12,125,125,,,25,0,0,/en/players/jorge-andrew/a061/overview,jorge-andrew,a061
1976.12.12,1976,12,12,126,126,,,39,0,0,/en/players/barry-phillips-moore/p078/overview,barry-phillips-moore,p078
1976.12.12,1976,12,12,127,127,,,19,0,0,/en/players/chris-lewis%20(nzl)/l024/overview,chris-lewis%20(nzl),l024
1976.12.12,1976,12,12,128,128,,,29,0,0,/en/players/elio%20lito-alvarez/a057/overview,elio%20lito-alvarez,a057
1976.12.12,1976,12,12,129,129,,,22,0,0,/en/players/emilio-montano/m153/overview,emilio-montano,m153
1976.12.12,1976,12,12,130,130,,,22,0,0,/en/players/john-whitlinger/w051/overview,john-whitlinger,w051
1976.12.12,1976,12,12,131,131,,,24,0,0,/en/players/robin-drysdale/d042/overview,robin-drysdale,d042
1976.12.12,1976,12,12,131,131,,,21,0,0,/en/players/angel-gimenez/g017/overview,angel-gimenez,g017
1976.12.12,1976,12,12,131,131,,,24,0,0,/en/players/cliff-letcher/l062/overview,cliff-letcher,l062
1976.12.12,1976,12,12,134,134,,,36,0,0,/en/players/bob%20-carmichael/c080/overview,bob%20-carmichael,c080
1976.12.12,1976,12,12,135,135,,,24,0,0,/en/players/frank-gebert/g071/overview,frank-gebert,g071
1976.12.12,1976,12,12,136,136,,,24,0,0,/en/players/mike-cahill/c075/overview,mike-cahill,c075
1976.12.12,1976,12,12,136,136,,,24,0,0,/en/players/eric-deblicker/d063/overview,eric-deblicker,d063
1976.12.12,1976,12,12,138,138,,,24,0,0,/en/players/john-andrews/a062/overview,john-andrews,a062
1976.12.12,1976,12,12,138,138,,,26,0,0,/en/players/dick%20r.-bohrnstedt/b238/overview,dick%20r.-bohrnstedt,b238
1976.12.12,1976,12,12,140,140,,,29,0,0,/en/players/gerald-battrick/b124/overview,gerald-battrick,b124
1976.12.12,1976,12,12,141,141,,,37,0,0,/en/players/jaime-pinto-bravo/p067/overview,jaime-pinto-bravo,p067
1976.12.12,1976,12,12,142,142,,,21,0,0,/en/players/martin-robinson/r031/overview,martin-robinson,r031
1976.12.12,1976,12,12,143,143,,,22,0,0,/en/players/russell-simpson/s052/overview,russell-simpson,s052
1976.12.12,1976,12,12,144,144,,,,0,0,/en/players/teimuraz-kakoulia/k105/overview,teimuraz-kakoulia,k105
1976.12.12,1976,12,12,144,144,,,21,0,0,/en/players/javier-soler/s064/overview,javier-soler,s064
1976.12.12,1976,12,12,146,146,,,25,0,0,/en/players/john-james/j029/overview,john-james,j029
1976.12.12,1976,12,12,147,147,,,30,0,0,/en/players/steven-turner/t053/overview,steven-turner,t053
1976.12.12,1976,12,12,148,148,,,24,0,0,/en/players/alvaro-fillol/f025/overview,alvaro-fillol,f025
1976.12.12,1976,12,12,148,148,,,23,0,0,/en/players/mark-meyers/m149/overview,mark-meyers,m149
1976.12.12,1976,12,12,148,148,,,21,0,0,/en/players/david-schneider/s115/overview,david-schneider,s115
1976.12.12,1976,12,12,151,151,,,32,0,0,/en/players/nicola%20-spear/s146/overview,nicola%20-spear,s146
1976.12.12,1976,12,12,152,152,,,25,0,0,/en/players/birger-andersson/a086/overview,birger-andersson,a086
1976.12.12,1976,12,12,153,153,,,27,0,0,/en/players/norman-holmes/h062/overview,norman-holmes,h062
1976.12.12,1976,12,12,154,154,,,23,0,0,/en/players/deon-joubert/j021/overview,deon-joubert,j021
1976.12.12,1976,12,12,154,154,,,22,0,0,/en/players/willem-prinsloo/p084/overview,willem-prinsloo,p084
1976.12.12,1976,12,12,154,154,,,20,0,0,/en/players/tomas-smid/s058/overview,tomas-smid,s058
1976.12.12,1976,12,12,157,157,,,25,0,0,/en/players/grover%20raz-reid/r068/overview,grover%20raz-reid,r068
1976.12.12,1976,12,12,158,158,,,24,0,0,/en/players/denis-naegelen/n042/overview,denis-naegelen,n042
1976.12.12,1976,12,12,159,159,,,25,0,0,/en/players/alvin-gardiner/g070/overview,alvin-gardiner,g070
1976.12.12,1976,12,12,160,160,,,21,0,0,/en/players/herve-gauvain/g064/overview,herve-gauvain,g064
1976.12.12,1976,12,12,160,160,,,27,0,0,/en/players/pavel-hutka/h097/overview,pavel-hutka,h097
1976.12.12,1976,12,12,162,162,,,24,0,0,/en/players/anand-amritraj/a021/overview,anand-amritraj,a021
1976.12.12,1976,12,12,163,163,,,28,0,0,/en/players/georges-goven/g031/overview,georges-goven,g031
1976.12.12,1976,12,12,164,164,,,21,0,0,/en/players/chris-kachel/k044/overview,chris-kachel,k044
1976.12.12,1976,12,12,165,165,,,24,0,0,/en/players/john-marks/m136/overview,john-marks,m136
1976.12.12,1976,12,12,166,166,,,26,0,0,/en/players/patrice-dominguez/d080/overview,patrice-dominguez,d080
1976.12.12,1976,12,12,166,166,,,22,0,0,/en/players/richard-lewis/l025/overview,richard-lewis,l025
1976.12.12,1976,12,12,166,166,,,,0,0,/en/players/douglas-palm/p150/overview,douglas-palm,p150
1976.12.12,1976,12,12,169,169,,,27,0,0,/en/players/doug-crawford/c053/overview,doug-crawford,c053
1976.12.12,1976,12,12,169,169,,,26,0,0,/en/players/steve-docherty/d078/overview,steve-docherty,d078
1976.12.12,1976,12,12,169,169,,,29,0,0,/en/players/marcelo-lara/l057/overview,marcelo-lara,l057
1976.12.12,1976,12,12,169,169,,,28,0,0,/en/players/bernard-mignot/m151/overview,bernard-mignot,m151
1976.12.12,1976,12,12,169,169,,,38,0,0,/en/players/manuel-santana/s245/overview,manuel-santana,s245
1976.12.12,1976,12,12,174,174,,,22,0,0,/en/players/paul-mcnamee/m050/overview,paul-mcnamee,m050
1976.12.12,1976,12,12,175,175,,,28,0,0,/en/players/john-bartlett/b123/overview,john-bartlett,b123
1976.12.12,1976,12,12,176,176,,,27,0,0,/en/players/zan-guerry/g116/overview,zan-guerry,g116
1976.12.12,1976,12,12,176,176,,,20,0,0,/en/players/ferdi-taygan/t037/overview,ferdi-taygan,t037
1976.12.12,1976,12,12,178,178,,,22,0,0,/en/players/eric-friedler/f077/overview,eric-friedler,f077
1976.12.12,1976,12,12,179,179,,,23,0,0,/en/players/george-hardie/h056/overview,george-hardie,h056
1976.12.12,1976,12,12,180,180,,,,0,0,/en/players/per-hegna/h081/overview,per-hegna,h081
1976.12.12,1976,12,12,180,180,,,35,0,0,/en/players/jose%20edison-mandarino/m135/overview,jose%20edison-mandarino,m135
1976.12.12,1976,12,12,182,182,,,25,0,0,/en/players/rolf-thung/t051/overview,rolf-thung,t051
1976.12.12,1976,12,12,183,183,,,23,0,0,/en/players/joaquim-rasgado%20jr/r066/overview,joaquim-rasgado%20jr,r066
1976.12.12,1976,12,12,183,183,,,30,0,0,/en/players/butch-seewagen/s139/overview,butch-seewagen,s139
1976.12.12,1976,12,12,185,185,,,35,0,0,/en/players/harald-elschenbroich/e037/overview,harald-elschenbroich,e037
1976.12.12,1976,12,12,185,185,,,32,0,0,/en/players/hans-joachim-ploetz/p081/overview,hans-joachim-ploetz,p081
1976.12.12,1976,12,12,187,187,,,27,0,0,/en/players/bob-giltinan/g074/overview,bob-giltinan,g074
1976.12.12,1976,12,12,187,187,,,26,0,0,/en/players/kenichi-hirai/h023/overview,kenichi-hirai,h023
1976.12.12,1976,12,12,187,187,,,24,0,0,/en/players/timothy-noonan/n046/overview,timothy-noonan,n046
1976.12.12,1976,12,12,187,187,,,23,0,0,/en/players/keith-richardson/r070/overview,keith-richardson,r070
1976.12.12,1976,12,12,191,191,,,29,0,0,/en/players/pat-cramer/c091/overview,pat-cramer,c091
1976.12.12,1976,12,12,192,192,,,36,0,0,/en/players/jim-mcmanus/m144/overview,jim-mcmanus,m144
1976.12.12,1976,12,12,193,193,,,23,0,0,/en/players/scott-carnahan/c081/overview,scott-carnahan,c081
1976.12.12,1976,12,12,193,193,,,18,0,0,/en/players/brad-drewett/d040/overview,brad-drewett,d040
1976.12.12,1976,12,12,193,193,,,25,0,0,/en/players/rick-fisher/f070/overview,rick-fisher,f070
1976.12.12,1976,12,12,193,193,,,20,0,0,/en/players/hans-gildemeister/g015/overview,hans-gildemeister,g015
1976.12.12,1976,12,12,193,193,,,21,0,0,/en/players/peter-mcnamara/m051/overview,peter-mcnamara,m051
1976.12.12,1976,12,12,193,193,,,21,0,0,/en/players/peter-pearson/p075/overview,peter-pearson,p075
1976.12.12,1976,12,12,193,193,,,,0,0,/en/players/bobby-webb/w077/overview,bobby-webb,w077
1976.12.12,1976,12,12,201,201,,,17,0,0,/en/players/rory-chappell/c084/overview,rory-chappell,c084
1976.12.12,1976,12,12,201,201,,,20,0,0,/en/players/jan-norback/n047/overview,jan-norback,n047
1976.12.12,1976,12,12,203,203,,,25,0,0,/en/players/jeff-austin/a065/overview,jeff-austin,a065
1976.12.12,1976,12,12,203,203,,,29,0,0,/en/players/peter-szoke/s230/overview,peter-szoke,s230
1976.12.12,1976,12,12,206,206,,,19,0,0,/en/players/ashok-amritraj/a059/overview,ashok-amritraj,a059
1976.12.12,1976,12,12,206,206,,,28,0,0,/en/players/patrice-hagelauer/h101/overview,patrice-hagelauer,h101
1976.12.12,1976,12,12,206,206,,,29,0,0,/en/players/jun-kamiwazumi/k002/overview,jun-kamiwazumi,k002
1976.12.12,1976,12,12,206,206,,,19,0,0,/en/players/matt-mitchell/m071/overview,matt-mitchell,m071
1976.12.12,1976,12,12,206,206,,,24,0,0,/en/players/tenny-svensson/s149/overview,tenny-svensson,s149
1976.12.12,1976,12,12,211,211,,,,0,0,/en/players/enrique-caviglia/c145/overview,enrique-caviglia,c145
1976.12.12,1976,12,12,211,211,,,19,0,0,/en/players/gianni-ocleppo/o004/overview,gianni-ocleppo,o004
1976.12.12,1976,12,12,211,211,,,31,0,0,/en/players/jim-osborne/o046/overview,jim-osborne,o046
1976.12.12,1976,12,12,211,211,,,23,0,0,/en/players/michael-wayman/w010/overview,michael-wayman,w010
1976.12.12,1976,12,12,215,215,,,41,0,0,/en/players/mal-anderson/a060/overview,mal-anderson,a060
1976.12.12,1976,12,12,215,215,,,32,0,0,/en/players/szabolcz-baranyi/b233/overview,szabolcz-baranyi,b233
1976.12.12,1976,12,12,215,215,,,17,0,0,/en/players/larry-gottfried/g161/overview,larry-gottfried,g161
1976.12.12,1976,12,12,215,215,,,28,0,0,/en/players/david-lloyd/l083/overview,david-lloyd,l083
1976.12.12,1976,12,12,215,215,,,,0,0,/en/players/robert-machan/m194/overview,robert-machan,m194
1976.12.12,1976,12,12,215,215,,,20,0,0,/en/players/bruce-manson/m014/overview,bruce-manson,m014
1976.12.12,1976,12,12,215,215,,,20,0,0,/en/players/ulrich-marten/m137/overview,ulrich-marten,m137
1976.12.12,1976,12,12,215,215,,,,0,0,/en/players/jose%20a.-moreno/m088/overview,jose%20a.-moreno,m088
1976.12.12,1976,12,12,215,215,,,26,0,0,/en/players/charles-owens/o033/overview,charles-owens,o033
1976.12.12,1976,12,12,215,215,,,27,0,0,/en/players/alejandro-pierola/p030/overview,alejandro-pierola,p030
1976.12.12,1976,12,12,225,225,,,,0,0,/en/players/massimo-di%20domenico/d137/overview,massimo-di%20domenico,d137
1976.12.12,1976,12,12,225,225,,,,0,0,/en/players/ulf-eriksson/e072/overview,ulf-eriksson,e072
1976.12.12,1976,12,12,225,225,,,33,0,0,/en/players/milan-holecek/h059/overview,milan-holecek,h059
1976.12.12,1976,12,12,229,229,,,,0,0,/en/players/johnny-muller/m354/overview,johnny-muller,m354
1976.12.12,1976,12,12,229,229,,,29,0,0,/en/players/armistead-neely/n043/overview,armistead-neely,n043
1976.12.12,1976,12,12,229,229,,,22,0,0,/en/players/bhanu-nunna/n050/overview,bhanu-nunna,n050
1976.12.12,1976,12,12,229,229,,,34,0,0,/en/players/terry-ryan/r078/overview,terry-ryan,r078
1976.12.12,1976,12,12,229,229,,,24,0,0,/en/players/jacques-thamin/t099/overview,jacques-thamin,t099
1976.12.12,1976,12,12,229,229,,,23,0,0,/en/players/ernesto-vazquez-barreira/v017/overview,ernesto-vazquez-barreira,v017
1976.12.12,1976,12,12,235,235,,,19,0,0,/en/players/christophe-casa/c073/overview,christophe-casa,c073
1976.12.12,1976,12,12,235,235,,,28,0,0,/en/players/petr-kanderal/k113/overview,petr-kanderal,k113
1976.12.12,1976,12,12,235,235,,,26,0,0,/en/players/louk-sanders/s136/overview,louk-sanders,s136
1976.12.12,1976,12,12,235,235,,,25,0,0,/en/players/joao-soares/s062/overview,joao-soares,s062
1976.12.12,1976,12,12,239,239,,,31,0,0,/en/players/william-brown/b134/overview,william-brown,b134
1976.12.12,1976,12,12,239,239,,,22,0,0,/en/players/mike-fishbach/f092/overview,mike-fishbach,f092
1976.12.12,1976,12,12,239,239,,,21,0,0,/en/players/rolf-gehring/g007/overview,rolf-gehring,g007
1976.12.12,1976,12,12,239,239,,,27,0,0,/en/players/william-lloyd/l064/overview,william-lloyd,l064
1976.12.12,1976,12,12,239,239,,,,0,0,/en/players/stephen-myers/m180/overview,stephen-myers,m180
1976.12.12,1976,12,12,239,239,,,17,0,0,/en/players/eliot-teltscher/t012/overview,eliot-teltscher,t012
1976.12.12,1976,12,12,239,239,,,,0,0,/en/players/geza-varga/v103/overview,geza-varga,v103
1976.12.12,1976,12,12,239,239,,,17,0,0,/en/players/van-winitsky/w027/overview,van-winitsky,w027
1976.12.12,1976,12,12,248,248,,,,0,0,/en/players/janos-benyik/b202/overview,janos-benyik,b202
1976.12.12,1976,12,12,248,248,,,25,0,0,/en/players/woody-blocher/b132/overview,woody-blocher,b132
1976.12.12,1976,12,12,248,248,,,,0,0,/en/players/jose-castanon/c189/overview,jose-castanon,c189
1976.12.12,1976,12,12,248,248,,,20,0,0,/en/players/dale-collings/c085/overview,dale-collings,c085
1976.12.12,1976,12,12,248,248,,,22,0,0,/en/players/ernie-ewert/e066/overview,ernie-ewert,e066
1976.12.12,1976,12,12,248,248,,,23,0,0,/en/players/mark-farrell/f067/overview,mark-farrell,f067
1976.12.12,1976,12,12,248,248,,,21,0,0,/en/players/greg-halder/h055/overview,greg-halder,h055
1976.12.12,1976,12,12,248,248,,,,0,0,/en/players/john-holladay/h140/overview,john-holladay,h140
1976.12.12,1976,12,12,248,248,,,,0,0,/en/players/roberto-lombardi/l092/overview,roberto-lombardi,l092
1976.12.12,1976,12,12,248,248,,,28,0,0,/en/players/gene%20stuart-malin/m134/overview,gene%20stuart-malin,m134
1976.12.12,1976,12,12,248,248,,,,0,0,/en/players/roger-mckee/m309/overview,roger-mckee,m309
1976.12.12,1976,12,12,248,248,,,34,0,0,/en/players/dennis-ralston/r064/overview,dennis-ralston,r064
1976.12.12,1976,12,12,248,248,,,28,0,0,/en/players/jasjit-singh/s142/overview,jasjit-singh,s142
1976.12.12,1976,12,12,248,248,,,27,0,0,/en/players/luis%20felipe-tavares/t049/overview,luis%20felipe-tavares,t049
1976.12.12,1976,12,12,248,248,,,37,0,0,/en/players/ion-tiriac/t040/overview,ion-tiriac,t040
1976.12.12,1976,12,12,248,248,,,23,0,0,/en/players/stephen-warboys/w090/overview,stephen-warboys,w090
1976.12.12,1976,12,12,264,264,,,19,0,0,/en/players/klaus-eberhard/e003/overview,klaus-eberhard,e003
1976.12.12,1976,12,12,264,264,,,26,0,0,/en/players/fred-hemmes%20sr./h601/overview,fred-hemmes%20sr.,h601
1976.12.12,1976,12,12,264,264,,,17,0,0,/en/players/john-mcenroe/m047/overview,john-mcenroe,m047
1976.12.12,1976,12,12,264,264,,,20,0,0,/en/players/miguel-mir/m123/overview,miguel-mir,m123
1976.12.12,1976,12,12,264,264,,,19,0,0,/en/players/christophe-roger-vasselin/r037/overview,christophe-roger-vasselin,r037
1976.12.12,1976,12,12,264,264,,,,0,0,/en/players/rafael-ruiz/r209/overview,rafael-ruiz,r209
1976.12.12,1976,12,12,264,264,,,21,0,0,/en/players/jonathan-smith/s059/overview,jonathan-smith,s059
1976.12.12,1976,12,12,264,264,,,,0,0,/en/players/juan-torralbo/t082/overview,juan-torralbo,t082
1976.12.12,1976,12,12,272,272,,,26,0,0,/en/players/george-amaya/a058/overview,george-amaya,a058
1976.12.12,1976,12,12,272,272,,,25,0,0,/en/players/peter-feigl/f011/overview,peter-feigl,f011
1976.12.12,1976,12,12,272,272,,,23,0,0,/en/players/bernard-fritz/f045/overview,bernard-fritz,f045
1976.12.12,1976,12,12,272,272,,,21,0,0,/en/players/jose-garcia-requena/g003/overview,jose-garcia-requena,g003
1976.12.12,1976,12,12,272,272,,,21,0,0,/en/players/francisco-gonzalez/g024/overview,francisco-gonzalez,g024
1976.12.12,1976,12,12,272,272,,,25,0,0,/en/players/max-hurlimann/h067/overview,max-hurlimann,h067
1976.12.12,1976,12,12,272,272,,,,0,0,/en/players/sachio-kato/k084/overview,sachio-kato,k084
1976.12.12,1976,12,12,272,272,,,,0,0,/en/players/randall-king/k058/overview,randall-king,k058
1976.12.12,1976,12,12,272,272,,,28,0,0,/en/players/bill-lofgren/l065/overview,bill-lofgren,l065
1976.12.12,1976,12,12,272,272,,,25,0,0,/en/players/dean-martin/m290/overview,dean-martin,m290
1976.12.12,1976,12,12,272,272,,,,0,0,/en/players/alberto-martorell/m241/overview,alberto-martorell,m241
1976.12.12,1976,12,12,272,272,,,27,0,0,/en/players/wanaro-n'godrella/n045/overview,wanaro-n'godrella,n045
1976.12.12,1976,12,12,272,272,,,49,0,0,/en/players/frank-sedgman/s248/overview,frank-sedgman,s248
1976.12.12,1976,12,12,272,272,,,38,0,0,/en/players/fred-stolle/s129/overview,fred-stolle,s129
1976.12.12,1976,12,12,288,288,,,35,0,0,/en/players/pierre-barthes/b122/overview,pierre-barthes,b122
1976.12.12,1976,12,12,288,288,,,,0,0,/en/players/greg-braun/b184/overview,greg-braun,b184
1976.12.12,1976,12,12,288,288,,,20,0,0,/en/players/david-carter/c072/overview,david-carter,c072
1976.12.12,1976,12,12,288,288,,,,0,0,/en/players/william-coghlan/c228/overview,william-coghlan,c228
1976.12.12,1976,12,12,288,288,,,29,0,0,/en/players/dick-dell/d073/overview,dick-dell,d073
1976.12.12,1976,12,12,288,288,,,,0,0,/en/players/william-durham/d140/overview,william-durham,d140
1976.12.12,1976,12,12,288,288,,,,0,0,/en/players/eduardo-gorostiaga/g186/overview,eduardo-gorostiaga,g186
1976.12.12,1976,12,12,288,288,,,20,0,0,/en/players/tony-graham/g080/overview,tony-graham,g080
1976.12.12,1976,12,12,288,288,,,29,0,0,/en/players/humphrey-hose/h064/overview,humphrey-hose,h064
1976.12.12,1976,12,12,288,288,,,21,0,0,/en/players/hubertus-hoyt/h065/overview,hubertus-hoyt,h065
1976.12.12,1976,12,12,288,288,,,,0,0,/en/players/ray-kelly/k086/overview,ray-kelly,k086
1976.12.12,1976,12,12,288,288,,,31,0,0,/en/players/attila-korpas/k090/overview,attila-korpas,k090
1976.12.12,1976,12,12,288,288,,,,0,0,/en/players/tom-kreiss/k142/overview,tom-kreiss,k142
1976.12.12,1976,12,12,288,288,,,34,0,0,/en/players/jan-kukal/k099/overview,jan-kukal,k099
1976.12.12,1976,12,12,288,288,,,,0,0,/en/players/trevor-little/l138/overview,trevor-little,l138
1976.12.12,1976,12,12,288,288,,,28,0,0,/en/players/kenneth-mcmillan/m145/overview,kenneth-mcmillan,m145
1976.12.12,1976,12,12,288,288,,,,0,0,/en/players/peter-pokorny/p143/overview,peter-pokorny,p143
1976.12.12,1976,12,12,288,288,,,31,0,0,/en/players/robert-rheinberger/r069/overview,robert-rheinberger,r069
1976.12.12,1976,12,12,288,288,,,,0,0,/en/players/joel-ross/r146/overview,joel-ross,r146
1976.12.12,1976,12,12,288,288,,,,0,0,/en/players/spencer-segura/s305/overview,spencer-segura,s305
1976.12.12,1976,12,12,288,288,,,,0,0,/en/players/john-trickey/t078/overview,john-trickey,t078
1976.12.12,1976,12,12,288,288,,,,0,0,/en/players/jan-zabrodsky/z030/overview,jan-zabrodsky,z030
1976.12.12,1976,12,12,310,310,,,20,0,0,/en/players/mansour-bahrami/b001/overview,mansour-bahrami,b001
1976.12.12,1976,12,12,310,310,,,22,0,0,/en/players/bernard-balleret/b004/overview,bernard-balleret,b004
1976.12.12,1976,12,12,310,310,,,33,0,0,/en/players/jean-claude-barclay/b119/overview,jean-claude-barclay,b119
1976.12.12,1976,12,12,310,310,,,19,0,0,/en/players/dominique-bedel/b030/overview,dominique-bedel,b030
1976.12.12,1976,12,12,310,310,,,,0,0,/en/players/vadim-borisov/b061/overview,vadim-borisov,b061
1976.12.12,1976,12,12,310,310,,,20,0,0,/en/players/regis-brunet/b213/overview,regis-brunet,b213
1976.12.12,1976,12,12,310,310,,,26,0,0,/en/players/peter-campbell/c079/overview,peter-campbell,c079
1976.12.12,1976,12,12,310,310,,,,0,0,/en/players/roberto-chavez/c146/overview,roberto-chavez,c146
1976.12.12,1976,12,12,310,310,,,33,0,0,/en/players/daniel-contet/c170/overview,daniel-contet,c170
1976.12.12,1976,12,12,310,310,,,,0,0,/en/players/chetan-desai/d065/overview,chetan-desai,d065
1976.12.12,1976,12,12,310,310,,,,0,0,/en/players/juan-diaz/d159/overview,juan-diaz,d159
1976.12.12,1976,12,12,310,310,,,18,0,0,/en/players/peter-elter/e013/overview,peter-elter,e013
1976.12.12,1976,12,12,310,310,,,40,0,0,/en/players/roy-emerson/e030/overview,roy-emerson,e030
1976.12.12,1976,12,12,310,310,,,29,0,0,/en/players/peter-fishbach/f116/overview,peter-fishbach,f116
1976.12.12,1976,12,12,310,310,,,25,0,0,/en/players/bill-freer/f076/overview,bill-freer,f076
1976.12.12,1976,12,12,310,310,,,,0,0,/en/players/fernando-gentil/g184/overview,fernando-gentil,g184
1976.12.12,1976,12,12,310,310,,,18,0,0,/en/players/tony-giammalva/g011/overview,tony-giammalva,g011
1976.12.12,1976,12,12,310,310,,,23,0,0,/en/players/roger-guedes/g046/overview,roger-guedes,g046
1976.12.12,1976,12,12,310,310,,,16,0,0,/en/players/per-hjertquist/h024/overview,per-hjertquist,h024
1976.12.12,1976,12,12,310,310,,,24,0,0,/en/players/leif-johansson/j064/overview,leif-johansson,j064
1976.12.12,1976,12,12,310,310,,,,0,0,/en/players/tetsu-kuramitsu/k032/overview,tetsu-kuramitsu,k032
1976.12.12,1976,12,12,310,310,,,,0,0,/en/players/omar-laimina/l002/overview,omar-laimina,l002
1976.12.12,1976,12,12,310,310,,,,0,0,/en/players/terje-larsen/l157/overview,terje-larsen,l157
1976.12.12,1976,12,12,310,310,,,,0,0,/en/players/octavio-martinez/m165/overview,octavio-martinez,m165
1976.12.12,1976,12,12,310,310,,,,0,0,/en/players/pietro-marzano/m224/overview,pietro-marzano,m224
1976.12.12,1976,12,12,310,310,,,,0,0,/en/players/francisco-mastelli/m121/overview,francisco-mastelli,m121
1976.12.12,1976,12,12,310,310,,,,0,0,/en/players/steve-mott/m250/overview,steve-mott,m250
1976.12.12,1976,12,12,310,310,,,,0,0,/en/players/jaidip-mukerjea/m272/overview,jaidip-mukerjea,m272
1976.12.12,1976,12,12,310,310,,,,0,0,/en/players/olle-palmer/p005/overview,olle-palmer,p005
1976.12.12,1976,12,12,310,310,,,,0,0,/en/players/john-peckskamp/p182/overview,john-peckskamp,p182
1976.12.12,1976,12,12,310,310,,,27,0,0,/en/players/dale-power/p044/overview,dale-power,p044
1976.12.12,1976,12,12,310,310,,,,0,0,/en/players/javier-restrepo/r062/overview,javier-restrepo,r062
1976.12.12,1976,12,12,310,310,,,37,0,0,/en/players/patricio-rodriguez/r074/overview,patricio-rodriguez,r074
1976.12.12,1976,12,12,310,310,,,,0,0,/en/players/jay-royappa/r084/overview,jay-royappa,r084
1976.12.12,1976,12,12,310,310,,,,0,0,/en/players/george-rudman/r085/overview,george-rudman,r085
1976.12.12,1976,12,12,310,310,,,,0,0,/en/players/lars-samuelson/s307/overview,lars-samuelson,s307
1976.12.12,1976,12,12,310,310,,,,0,0,/en/players/ionel-santeiu/s254/overview,ionel-santeiu,s254
1976.12.12,1976,12,12,310,310,,,20,0,0,/en/players/pavel-slozil/s056/overview,pavel-slozil,s056
1976.12.12,1976,12,12,310,310,,,,0,0,/en/players/harvey-spiegel/s174/overview,harvey-spiegel,s174
1976.12.12,1976,12,12,310,310,,,38,0,0,/en/players/dimitri-sturdza/s241/overview,dimitri-sturdza,s241
1976.12.12,1976,12,12,310,310,,,,0,0,/en/players/piero-toci/t086/overview,piero-toci,t086
1976.12.12,1976,12,12,310,310,,,,0,0,/en/players/hugo-varela/v080/overview,hugo-varela,v080
1976.12.12,1976,12,12,310,310,,,,0,0,/en/players/fernando-vasquez/v070/overview,fernando-vasquez,v070
1976.12.12,1976,12,12,310,310,,,26,0,0,/en/players/pancho-walthall/w099/overview,pancho-walthall,w099
1976.12.12,1976,12,12,360,360,,,19,0,0,/en/players/juan%20carlos-andrade/a024/overview,juan%20carlos-andrade,a024
1976.12.12,1976,12,12,360,360,,,25,0,0,/en/players/joel-bailey/b002/overview,joel-bailey,b002
1976.12.12,1976,12,12,360,360,,,22,0,0,/en/players/givaldo-barbosa/b015/overview,givaldo-barbosa,b015
1976.12.12,1976,12,12,360,360,,,32,0,0,/en/players/patrice-beust/b229/overview,patrice-beust,b229
1976.12.12,1976,12,12,360,360,,,,0,0,/en/players/luis-borfiga/b060/overview,luis-borfiga,b060
1976.12.12,1976,12,12,360,360,,,36,0,0,/en/players/earl%20butch-buchholz/b228/overview,earl%20butch-buchholz,b228
1976.12.12,1976,12,12,360,360,,,,0,0,/en/players/glenn-busby/b187/overview,glenn-busby,b187
1976.12.12,1976,12,12,360,360,,,,0,0,/en/players/salvador-cabeza/c281/overview,salvador-cabeza,c281
1976.12.12,1976,12,12,360,360,,,14,0,0,/en/players/robert-casey/c100/overview,robert-casey,c100
1976.12.12,1976,12,12,360,360,,,,0,0,/en/players/scott-clark/c124/overview,scott-clark,c124
1976.12.12,1976,12,12,360,360,,,,0,0,/en/players/larry-collins/c214/overview,larry-collins,c214
1976.12.12,1976,12,12,360,360,,,,0,0,/en/players/eddie-cruz/c225/overview,eddie-cruz,c225
1976.12.12,1976,12,12,360,360,,,33,0,0,/en/players/owen-davidson/d054/overview,owen-davidson,d054
1976.12.12,1976,12,12,360,360,,,,0,0,/en/players/ezio-di%20matteo/d135/overview,ezio-di%20matteo,d135
1976.12.12,1976,12,12,360,360,,,19,0,0,/en/players/lorenzo-fargas/f005/overview,lorenzo-fargas,f005
1976.12.12,1976,12,12,360,360,,,,0,0,/en/players/wouter-fok/f175/overview,wouter-fok,f175
1976.12.12,1976,12,12,360,360,,,,0,0,/en/players/vincenzo-franchitti/f103/overview,vincenzo-franchitti,f103
1976.12.12,1976,12,12,360,360,,,23,0,0,/en/players/rejean-genois/g072/overview,rejean-genois,g072
1976.12.12,1976,12,12,360,360,,,,0,0,/en/players/jose-guerrero/g183/overview,jose-guerrero,g183
1976.12.12,1976,12,12,360,360,,,,0,0,/en/players/keith-hancock/h136/overview,keith-hancock,h136
1976.12.12,1976,12,12,360,360,,,,0,0,/en/players/juan-herrera/h180/overview,juan-herrera,h180
1976.12.12,1976,12,12,360,360,,,30,0,0,/en/players/rudolf-hoskowetz/h183/overview,rudolf-hoskowetz,h183
1976.12.12,1976,12,12,360,360,,,18,0,0,/en/players/jan-kallquist/k069/overview,jan-kallquist,k069
1976.12.12,1976,12,12,360,360,,,27,0,0,/en/players/nicolas-kelaidis/k046/overview,nicolas-kelaidis,k046
1976.12.12,1976,12,12,360,360,,,,0,0,/en/players/r.-kiesling/k141/overview,r.-kiesling,k141
1976.12.12,1976,12,12,360,360,,,,0,0,/en/players/carlos-lando/l079/overview,carlos-lando,l079
1976.12.12,1976,12,12,360,360,,,,0,0,/en/players/ali-madani/m007/overview,ali-madani,m007
1976.12.12,1976,12,12,360,360,,,20,0,0,/en/players/gianni-marchetti/m106/overview,gianni-marchetti,m106
1976.12.12,1976,12,12,360,360,,,,0,0,/en/players/saeed-meer/m275/overview,saeed-meer,m275
1976.12.12,1976,12,12,360,360,,,12,0,0,/en/players/ed-nagel/n103/overview,ed-nagel,n103
1976.12.12,1976,12,12,360,360,,,20,0,0,/en/players/gary-plock/p134/overview,gary-plock,p134
1976.12.12,1976,12,12,360,360,,,20,0,0,/en/players/john-sadri/s005/overview,john-sadri,s005
1976.12.12,1976,12,12,360,360,,,,0,0,/en/players/jose-schmidt/s023/overview,jose-schmidt,s023
1976.12.12,1976,12,12,360,360,,,38,0,0,/en/players/gene-scott/s210/overview,gene-scott,s210
1976.12.12,1976,12,12,360,360,,,10,0,0,/en/players/jonas-svensson/s101/overview,jonas-svensson,s101
1976.12.12,1976,12,12,360,360,,,,0,0,/en/players/yuji-tezuka/t090/overview,yuji-tezuka,t090
1976.12.12,1976,12,12,360,360,,,,0,0,/en/players/graeme-thomson/t096/overview,graeme-thomson,t096
1976.12.12,1976,12,12,360,360,,,,0,0,/en/players/matti-timonen/t022/overview,matti-timonen,t022
1976.12.12,1976,12,12,360,360,,,,0,0,/en/players/paul-van%20min/v079/overview,paul-van%20min,v079
1976.12.12,1976,12,12,360,360,,,16,0,0,/en/players/robbie-venter/v022/overview,robbie-venter,v022
1976.12.12,1976,12,12,360,360,,,,0,0,/en/players/yair-werthimer/w043/overview,yair-werthimer,w043
1976.12.12,1976,12,12,360,360,,,17,0,0,/en/players/tim-wilkison/w019/overview,tim-wilkison,w019
1976.12.12,1976,12,12,360,360,,,,0,0,/en/players/gerard-wimmer/w079/overview,gerard-wimmer,w079
1976.12.12,1976,12,12,360,360,,,13,0,0,/en/players/peter-wright/w039/overview,peter-wright,w039
1976.12.12,1976,12,12,360,360,,,,0,0,/en/players/steven-wright/w100/overview,steven-wright,w100
1976.11.22,1976,11,22,43,43,,,31,0,0,/en/players/ove%20nils-bengtson/b126/overview,ove%20nils-bengtson,b126
1976.11.22,1976,11,22,73,73,,,23,0,0,/en/players/james%20chico-hagey/h054/overview,james%20chico-hagey,h054
1976.11.07,1976,11,7,4,4,,,23,0,0,/en/players/raul-ramirez/r065/overview,raul-ramirez,r065
1976.11.07,1976,11,7,74,74,,,30,0,0,/en/players/jun-kuki/k054/overview,jun-kuki,k054
1976.11.07,1976,11,7,97,97,,,20,0,0,/en/players/werner-zirngibl/z012/overview,werner-zirngibl,z012
1976.08.24,1976,8,24,4,4,,,26,0,0,/en/players/adriano-panatta/p059/overview,adriano-panatta,p059
1976.08.24,1976,8,24,34,34,,,30,0,0,/en/players/raymond-moore/m118/overview,raymond-moore,m118
1976.08.24,1976,8,24,100,100,,,23,0,0,/en/players/henry-bunis/b135/overview,henry-bunis,b135
1976.07.26,1976,7,26,41,41,8,up,25,0,0,/en/players/ricardo-cano/c010/overview,ricardo-cano,c010
1976.07.26,1976,7,26,51,51,31,up,23,0,0,/en/players/byron-bertram/b130/overview,byron-bertram,b130
1976.06.14,1976,6,14,1,1,,,23,0,0,/en/players/jimmy-connors/c044/overview,jimmy-connors,c044
1976.06.14,1976,6,14,2,2,,,32,0,0,/en/players/arthur-ashe/a063/overview,arthur-ashe,a063
1976.06.14,1976,6,14,3,3,,,23,0,0,/en/players/guillermo-vilas/v028/overview,guillermo-vilas,v028
1976.06.14,1976,6,14,4,4,,,20,0,0,/en/players/bjorn-borg/b058/overview,bjorn-borg,b058
1976.06.14,1976,6,14,5,5,,,27,0,0,/en/players/manuel-orantes/o017/overview,manuel-orantes,o017
1976.06.14,1976,6,14,6,6,,,25,0,0,/en/players/adriano-panatta/p059/overview,adriano-panatta,p059
1976.06.14,1976,6,14,7,7,,,29,0,0,/en/players/ilie-nastase/n008/overview,ilie-nastase,n008
1976.06.14,1976,6,14,8,8,,,25,0,0,/en/players/eddie-dibbs/d026/overview,eddie-dibbs,d026
1976.06.14,1976,6,14,9,9,,,41,0,0,/en/players/ken-rosewall/r075/overview,ken-rosewall,r075
1976.06.14,1976,6,14,10,10,,,22,0,0,/en/players/raul-ramirez/r065/overview,raul-ramirez,r065
1976.06.14,1976,6,14,11,11,,,32,0,0,/en/players/tom-okker/o032/overview,tom-okker,o032
1976.06.14,1976,6,14,12,12,,,23,0,0,/en/players/harold-solomon/s065/overview,harold-solomon,s065
1976.06.14,1976,6,14,13,13,,,24,0,0,/en/players/roscoe-tanner/t006/overview,roscoe-tanner,t006
1976.06.14,1976,6,14,14,14,,,31,0,0,/en/players/tony-roche/r073/overview,tony-roche,r073
1976.06.14,1976,6,14,15,15,,,30,0,0,/en/players/jaime-fillol%20sr./f024/overview,jaime-fillol%20sr.,f024
1976.06.14,1976,6,14,16,16,,,32,0,0,/en/players/john-newcombe/n044/overview,john-newcombe,n044
1976.06.14,1976,6,14,17,17,,,24,0,0,/en/players/brian-gottfried/g029/overview,brian-gottfried,g029
1976.06.14,1976,6,14,18,18,,,28,0,0,/en/players/robert-lutz/l045/overview,robert-lutz,l045
1976.06.14,1976,6,14,19,19,,,,0,0,/en/players/olivier-cayla/c026/overview,olivier-cayla,c026
1976.06.14,1976,6,14,20,20,,,24,0,0,/en/players/john-alexander/a014/overview,john-alexander,a014
1976.06.14,1976,6,14,21,21,,,23,0,0,/en/players/corrado-barazzutti/b007/overview,corrado-barazzutti,b007
1976.06.14,1976,6,14,22,22,,,21,0,0,/en/players/vitas-gerulaitis/g008/overview,vitas-gerulaitis,g008
1976.06.14,1976,6,14,23,23,,,22,0,0,/en/players/vijay-amritraj/a022/overview,vijay-amritraj,a022
1976.06.14,1976,6,14,24,24,,,29,0,0,/en/players/stan-smith/s060/overview,stan-smith,s060
1976.06.14,1976,6,14,25,25,,,30,0,0,/en/players/jan-kodes/k049/overview,jan-kodes,k049
1976.06.14,1976,6,14,26,26,,,25,0,0,/en/players/dick-stockton/s090/overview,dick-stockton,s090
1976.06.14,1976,6,14,27,27,,,37,0,0,/en/players/rod-laver/l058/overview,rod-laver,l058
1976.06.14,1976,6,14,28,28,,,27,0,0,/en/players/andrew-pattison/p074/overview,andrew-pattison,p074
1976.06.14,1976,6,14,29,29,,,29,0,0,/en/players/onny-parun/p070/overview,onny-parun,p070
1976.06.14,1976,6,14,30,30,,,,0,0,/en/players/rassel-mayers/m167/overview,rassel-mayers,m167
1976.06.14,1976,6,14,31,31,,,35,0,0,/en/players/cliff-drysdale/d082/overview,cliff-drysdale,d082
1976.06.14,1976,6,14,32,32,,,23,0,0,/en/players/wojtek-fibak/f020/overview,wojtek-fibak,f020
1976.06.14,1976,6,14,33,33,,,26,0,0,/en/players/phil-dent/d074/overview,phil-dent,d074
1976.06.14,1976,6,14,34,34,,,30,0,0,/en/players/tom-gorman/g078/overview,tom-gorman,g078
1976.06.14,1976,6,14,35,35,,,34,0,0,/en/players/francois-jauffret/j031/overview,francois-jauffret,j031
1976.06.14,1976,6,14,36,36,,,27,0,0,/en/players/karl-meiler/m055/overview,karl-meiler,m055
1976.06.14,1976,6,14,37,37,,,21,0,0,/en/players/mark-edmondson/e005/overview,mark-edmondson,e005
1976.06.14,1976,6,14,38,38,,,29,0,0,/en/players/cliff-richey/r071/overview,cliff-richey,r071
1976.06.14,1976,6,14,39,39,,,22,0,0,/en/players/balazs-taroczy/t007/overview,balazs-taroczy,t007
1976.06.14,1976,6,14,40,40,,,21,0,0,/en/players/buster%20c.-mottram/m154/overview,buster%20c.-mottram,m154
1976.06.14,1976,6,14,41,41,,,23,0,0,/en/players/jose-higueras/h019/overview,jose-higueras,h019
1976.06.14,1976,6,14,42,42,,,26,0,0,/en/players/jeff-borowiak/b059/overview,jeff-borowiak,b059
1976.06.14,1976,6,14,43,43,,,31,0,0,/en/players/thomas-koch/k036/overview,thomas-koch,k036
1976.06.14,1976,6,14,44,44,,,29,0,0,/en/players/raymond-moore/m118/overview,raymond-moore,m118
1976.06.14,1976,6,14,45,45,,,34,0,0,/en/players/juan-gisbert%20sr/g076/overview,juan-gisbert%20sr,g076
1976.06.14,1976,6,14,46,46,,,29,0,0,/en/players/ivan-molina/m152/overview,ivan-molina,m152
1976.06.14,1976,6,14,47,47,,,31,0,0,/en/players/alex-metreveli/m271/overview,alex-metreveli,m271
1976.06.14,1976,6,14,48,48,,,29,0,0,/en/players/zeljko-franulovic/f074/overview,zeljko-franulovic,f074
1976.06.14,1976,6,14,49,49,,,25,0,0,/en/players/ricardo-cano/c010/overview,ricardo-cano,c010
1976.06.14,1976,6,14,50,50,,,22,0,0,/en/players/ulrich-pinner/p034/overview,ulrich-pinner,p034
1976.06.14,1976,6,14,51,51,,,26,0,0,/en/players/patrick-proisy/p085/overview,patrick-proisy,p085
1976.06.14,1976,6,14,52,52,,,31,0,0,/en/players/dick-crealy/c093/overview,dick-crealy,c093
1976.06.14,1976,6,14,53,53,,,25,0,0,/en/players/geoff-masters/m139/overview,geoff-masters,m139
1976.06.14,1976,6,14,54,54,,,27,0,0,/en/players/hans-kary/k041/overview,hans-kary,k041
1976.06.14,1976,6,14,55,55,,,20,0,0,/en/players/victor-pecci%20sr./p015/overview,victor-pecci%20sr.,p015
1976.06.14,1976,6,14,56,56,,,25,0,0,/en/players/jiri-hrebec/h066/overview,jiri-hrebec,h066
1976.06.14,1976,6,14,57,57,,,32,0,0,/en/players/mark-cox/c090/overview,mark-cox,c090
1976.06.14,1976,6,14,58,58,,,36,0,0,/en/players/bob-hewitt/h058/overview,bob-hewitt,h058
1976.06.14,1976,6,14,58,58,,,34,0,0,/en/players/marty-riessen/r055/overview,marty-riessen,r055
1976.06.14,1976,6,14,60,60,,,21,0,0,/en/players/bernard-mitton/m072/overview,bernard-mitton,m072
1976.06.14,1976,6,14,61,61,,,30,0,0,/en/players/ray-ruffels/r076/overview,ray-ruffels,r076
1976.06.14,1976,6,14,62,62,,,30,0,0,/en/players/graham-stilwell/s147/overview,graham-stilwell,s147
1976.06.14,1976,6,14,63,63,,,26,0,0,/en/players/haroon-rahim/r063/overview,haroon-rahim,r063
1976.06.14,1976,6,14,64,64,,,19,0,0,/en/players/billy-martin/m138/overview,billy-martin,m138
1976.06.14,1976,6,14,65,65,,,36,0,0,/en/players/nikola-pilic/p080/overview,nikola-pilic,p080
1976.06.14,1976,6,14,66,66,,,30,0,0,/en/players/allan-stone/s148/overview,allan-stone,s148
1976.06.14,1976,6,14,67,67,,,30,0,0,/en/players/sherwood-stewart/s082/overview,sherwood-stewart,s082
1976.06.14,1976,6,14,68,68,,,24,0,0,/en/players/kim-warwick/w006/overview,kim-warwick,w006
1976.06.14,1976,6,14,69,69,,,29,0,0,/en/players/jairo-velasco%20sr/v294/overview,jairo-velasco%20sr,v294
1976.06.14,1976,6,14,70,70,,,24,0,0,/en/players/paolo-bertolucci/b129/overview,paolo-bertolucci,b129
1976.06.14,1976,6,14,70,70,,,26,0,0,/en/players/norman-holmes/h062/overview,norman-holmes,h062
1976.06.14,1976,6,14,72,72,,,29,0,0,/en/players/hans-jurgen-pohmann/p082/overview,hans-jurgen-pohmann,p082
1976.06.14,1976,6,14,73,73,,,34,0,0,/en/players/frew-mcmillan/m111/overview,frew-mcmillan,m111
1976.06.14,1976,6,14,74,74,,,32,0,0,/en/players/hans-joachim-ploetz/p081/overview,hans-joachim-ploetz,p081
1976.06.14,1976,6,14,75,75,,,32,0,0,/en/players/charlie-pasarell/p072/overview,charlie-pasarell,p072
1976.06.14,1976,6,14,76,76,,,24,0,0,/en/players/eric-deblicker/d063/overview,eric-deblicker,d063
1976.06.14,1976,6,14,77,77,9,down,23,0,0,/en/players/mike-cahill/c075/overview,mike-cahill,c075
1976.06.14,1976,6,14,78,78,,,23,0,0,/en/players/jim-delaney/d072/overview,jim-delaney,d072
1976.06.14,1976,6,14,79,79,,,35,0,0,/en/players/bob%20-carmichael/c080/overview,bob%20-carmichael,c080
1976.06.14,1976,6,14,79,79,,,30,0,0,/en/players/jun-kuki/k054/overview,jun-kuki,k054
1976.06.14,1976,6,14,81,81,,,25,0,0,/en/players/kjell-johansson/j032/overview,kjell-johansson,j032
1976.06.14,1976,6,14,82,82,,,23,0,0,/en/players/byron-bertram/b130/overview,byron-bertram,b130
1976.06.14,1976,6,14,83,83,,,22,0,0,/en/players/john-whitlinger/w051/overview,john-whitlinger,w051
1976.06.14,1976,6,14,84,84,,,26,0,0,/en/players/mike-estep/e040/overview,mike-estep,e040
1976.06.14,1976,6,14,85,85,,,21,0,0,/en/players/colin-dowdeswell/d037/overview,colin-dowdeswell,d037
1976.06.14,1976,6,14,86,86,,,21,0,0,/en/players/victor-amaya/a044/overview,victor-amaya,a044
1976.06.14,1976,6,14,87,87,,,21,0,0,/en/players/john-lloyd/l036/overview,john-lloyd,l036
1976.06.14,1976,6,14,88,88,,,28,0,0,/en/players/brian-fairlie/f066/overview,brian-fairlie,f066
1976.06.14,1976,6,14,89,89,,,26,0,0,/en/players/syd-ball/b106/overview,syd-ball,b106
1976.06.14,1976,6,14,90,90,,,28,0,0,/en/players/jurgen-fassbender/f068/overview,jurgen-fassbender,f068
1976.06.14,1976,6,14,91,91,,,21,0,0,/en/players/paul-kronk/k073/overview,paul-kronk,k073
1976.06.14,1976,6,14,92,92,,,29,0,0,/en/players/julian-ganzabal/g068/overview,julian-ganzabal,g068
1976.06.14,1976,6,14,93,93,,,25,0,0,/en/players/erik-van%20dillen/v049/overview,erik-van%20dillen,v049
1976.06.14,1976,6,14,94,94,,,29,0,0,/en/players/gerald-battrick/b124/overview,gerald-battrick,b124
1976.06.14,1976,6,14,95,95,,,25,0,0,/en/players/antonio-munoz/m156/overview,antonio-munoz,m156
1976.06.14,1976,6,14,96,96,,,23,0,0,/en/players/jean-francois-caujolle/c082/overview,jean-francois-caujolle,c082
1976.06.14,1976,6,14,97,97,,,31,0,0,/en/players/colin-dibley/d076/overview,colin-dibley,d076
1976.06.14,1976,6,14,98,98,,,28,0,0,/en/players/ismail-el%20shafei/e038/overview,ismail-el%20shafei,e038
1976.06.14,1976,6,14,99,99,,,29,0,0,/en/players/pat-cramer/c091/overview,pat-cramer,c091
1976.06.14,1976,6,14,100,100,,,23,0,0,/en/players/sashi-menon/m058/overview,sashi-menon,m058
1976.06.14,1976,6,14,101,101,,,34,0,0,/en/players/roger-taylor/t050/overview,roger-taylor,t050
1976.06.14,1976,6,14,102,102,,,38,0,0,/en/players/barry-phillips-moore/p078/overview,barry-phillips-moore,p078
1976.06.14,1976,6,14,103,103,,,23,0,0,/en/players/henry-bunis/b135/overview,henry-bunis,b135
1976.06.14,1976,6,14,103,103,,,,0,0,/en/players/alejandro-lareo/l159/overview,alejandro-lareo,l159
1976.06.14,1976,6,14,105,105,,,35,0,0,/en/players/jim-mcmanus/m144/overview,jim-mcmanus,m144
1976.06.14,1976,6,14,105,105,,,29,0,0,/en/players/steven-turner/t053/overview,steven-turner,t053
1976.06.14,1976,6,14,107,107,,,25,0,0,/en/players/steve-krulevitz/k053/overview,steve-krulevitz,k053
1976.06.14,1976,6,14,108,108,,,24,0,0,/en/players/jorge-andrew/a061/overview,jorge-andrew,a061
1976.06.14,1976,6,14,109,109,,,26,0,0,/en/players/alvaro-betancur/b131/overview,alvaro-betancur,b131
1976.06.14,1976,6,14,109,109,,,21,0,0,/en/players/brian-teacher/t011/overview,brian-teacher,t011
1976.06.14,1976,6,14,111,111,,,32,0,0,/en/players/patricio-cornejo/c088/overview,patricio-cornejo,c088
1976.06.14,1976,6,14,112,112,,,32,0,0,/en/players/frantisek-pala/p100/overview,frantisek-pala,p100
1976.06.14,1976,6,14,113,113,,,26,0,0,/en/players/patrice-dominguez/d080/overview,patrice-dominguez,d080
1976.06.14,1976,6,14,114,114,,,24,0,0,/en/players/tim-gullikson/g048/overview,tim-gullikson,g048
1976.06.14,1976,6,14,114,114,,,35,0,0,/en/players/jose%20edison-mandarino/m135/overview,jose%20edison-mandarino,m135
1976.06.14,1976,6,14,116,116,,,24,0,0,/en/players/john-andrews/a062/overview,john-andrews,a062
1976.06.14,1976,6,14,117,117,,,21,0,0,/en/players/trey-waltke/w045/overview,trey-waltke,w045
1976.06.14,1976,6,14,118,118,,,24,0,0,/en/players/rolf-thung/t051/overview,rolf-thung,t051
1976.06.14,1976,6,14,119,119,,,28,0,0,/en/players/elio%20lito-alvarez/a057/overview,elio%20lito-alvarez,a057
1976.06.14,1976,6,14,120,120,,,20,0,0,/en/players/angel-gimenez/g017/overview,angel-gimenez,g017
1976.06.14,1976,6,14,120,120,,,19,0,0,/en/players/ferdi-taygan/t037/overview,ferdi-taygan,t037
1976.06.14,1976,6,14,122,122,,,25,0,0,/en/players/fred-mcnair%20iv/m146/overview,fred-mcnair%20iv,m146
1976.06.14,1976,6,14,123,123,,,19,0,0,/en/players/werner-zirngibl/z012/overview,werner-zirngibl,z012
1976.06.14,1976,6,14,124,124,,,25,0,0,/en/players/birger-andersson/a086/overview,birger-andersson,a086
1976.06.14,1976,6,14,125,125,,,25,0,0,/en/players/alvin-gardiner/g070/overview,alvin-gardiner,g070
1976.06.14,1976,6,14,126,126,,,28,0,0,/en/players/georges-goven/g031/overview,georges-goven,g031
1976.06.14,1976,6,14,127,127,,,20,0,0,/en/players/martin-robinson/r031/overview,martin-robinson,r031
1976.06.14,1976,6,14,128,128,,,34,0,0,/en/players/harald-elschenbroich/e037/overview,harald-elschenbroich,e037
1976.06.14,1976,6,14,129,129,,,23,0,0,/en/players/george-hardie/h056/overview,george-hardie,h056
1976.06.14,1976,6,14,129,129,,,30,0,0,/en/players/joaquin-loyo-mayo/l066/overview,joaquin-loyo-mayo,l066
1976.06.14,1976,6,14,131,131,,,25,0,0,/en/players/john-james/j029/overview,john-james,j029
1976.06.14,1976,6,14,131,131,,,,0,0,/en/players/tom-kreiss/k142/overview,tom-kreiss,k142
1976.06.14,1976,6,14,131,131,,,24,0,0,/en/players/denis-naegelen/n042/overview,denis-naegelen,n042
1976.06.14,1976,6,14,134,134,,,24,0,0,/en/players/anand-amritraj/a021/overview,anand-amritraj,a021
1976.06.14,1976,6,14,134,134,,,32,0,0,/en/players/nicola%20-spear/s146/overview,nicola%20-spear,s146
1976.06.14,1976,6,14,136,136,,,28,0,0,/en/players/john-bartlett/b123/overview,john-bartlett,b123
1976.06.14,1976,6,14,136,136,,,,0,0,/en/players/juan%20ignacio-muntanola/m157/overview,juan%20ignacio-muntanola,m157
1976.06.14,1976,6,14,138,138,,,28,0,0,/en/players/jun-kamiwazumi/k002/overview,jun-kamiwazumi,k002
1976.06.14,1976,6,14,138,138,,,25,0,0,/en/players/carlos-kirmayr/k009/overview,carlos-kirmayr,k009
1976.06.14,1976,6,14,140,140,,,31,0,0,/en/players/william-brown/b134/overview,william-brown,b134
1976.06.14,1976,6,14,140,140,,,22,0,0,/en/players/russell-simpson/s052/overview,russell-simpson,s052
1976.06.14,1976,6,14,140,140,,,26,0,0,/en/players/antonio-zugarelli/z013/overview,antonio-zugarelli,z013
1976.06.14,1976,6,14,143,143,,,28,0,0,/en/players/dick-dell/d073/overview,dick-dell,d073
1976.06.14,1976,6,14,144,144,,,24,0,0,/en/players/john-feaver/f008/overview,john-feaver,f008
1976.06.14,1976,6,14,145,145,,,21,0,0,/en/players/belus-prajoux/p046/overview,belus-prajoux,p046
1976.06.14,1976,6,14,146,146,,,24,0,0,/en/players/grover%20raz-reid/r068/overview,grover%20raz-reid,r068
1976.06.14,1976,6,14,147,147,,,29,0,0,/en/players/ramiro-benavides/b034/overview,ramiro-benavides,b034
1976.06.14,1976,6,14,148,148,,,21,0,0,/en/players/peter-fleming/f030/overview,peter-fleming,f030
1976.06.14,1976,6,14,148,148,,,21,0,0,/en/players/herve-gauvain/g064/overview,herve-gauvain,g064
1976.06.14,1976,6,14,148,148,,,32,0,0,/en/players/milan-holecek/h059/overview,milan-holecek,h059
1976.06.14,1976,6,14,148,148,,,24,0,0,/en/players/cliff-letcher/l062/overview,cliff-letcher,l062
1976.06.14,1976,6,14,148,148,,,27,0,0,/en/players/bernard-mignot/m151/overview,bernard-mignot,m151
1976.06.14,1976,6,14,148,148,,,29,0,0,/en/players/vladimir-zednik/z023/overview,vladimir-zednik,z023
1976.06.14,1976,6,14,154,154,,,27,0,0,/en/players/john-yuill/y008/overview,john-yuill,y008
1976.06.14,1976,6,14,155,155,,,20,0,0,/en/players/chris-kachel/k044/overview,chris-kachel,k044
1976.06.14,1976,6,14,156,156,,,23,0,0,/en/players/tenny-svensson/s149/overview,tenny-svensson,s149
1976.06.14,1976,6,14,157,157,,,23,0,0,/en/players/mark-farrell/f067/overview,mark-farrell,f067
1976.06.14,1976,6,14,158,158,,,22,0,0,/en/players/jean-louis-haillet/h041/overview,jean-louis-haillet,h041
1976.06.14,1976,6,14,159,159,,,20,0,0,/en/players/gene-mayer/m038/overview,gene-mayer,m038
1976.06.14,1976,6,14,159,159,,,20,0,0,/en/players/nick-saviano/s111/overview,nick-saviano,s111
1976.06.14,1976,6,14,159,159,,,20,0,0,/en/players/tomas-smid/s058/overview,tomas-smid,s058
1976.06.14,1976,6,14,162,162,,,27,0,0,/en/players/bob-giltinan/g074/overview,bob-giltinan,g074
1976.06.14,1976,6,14,163,163,,,25,0,0,/en/players/rick-fisher/f070/overview,rick-fisher,f070
1976.06.14,1976,6,14,163,163,,,24,0,0,/en/players/rolf-norberg/n048/overview,rolf-norberg,n048
1976.06.14,1976,6,14,163,163,,,25,0,0,/en/players/charles-owens/o033/overview,charles-owens,o033
1976.06.14,1976,6,14,166,166,,,24,0,0,/en/players/jeff-austin/a065/overview,jeff-austin,a065
1976.06.14,1976,6,14,166,166,,,17,0,0,/en/players/brad-drewett/d040/overview,brad-drewett,d040
1976.06.14,1976,6,14,168,168,,,24,0,0,/en/players/woody-blocher/b132/overview,woody-blocher,b132
1976.06.14,1976,6,14,168,168,,,23,0,0,/en/players/robin-drysdale/d042/overview,robin-drysdale,d042
1976.06.14,1976,6,14,168,168,,,19,0,0,/en/players/chris-lewis%20(nzl)/l024/overview,chris-lewis%20(nzl),l024
1976.06.14,1976,6,14,168,168,,,22,0,0,/en/players/mark-meyers/m149/overview,mark-meyers,m149
1976.06.14,1976,6,14,168,168,,,36,0,0,/en/players/jaime-pinto-bravo/p067/overview,jaime-pinto-bravo,p067
1976.06.14,1976,6,14,168,168,,,38,0,0,/en/players/manuel-santana/s245/overview,manuel-santana,s245
1976.06.14,1976,6,14,174,174,,,28,0,0,/en/players/peter-szoke/s230/overview,peter-szoke,s230
1976.06.14,1976,6,14,175,175,,,,0,0,/en/players/janos-benyik/b202/overview,janos-benyik,b202
1976.06.14,1976,6,14,175,175,,,23,0,0,/en/players/robert-kreiss/k052/overview,robert-kreiss,k052
1976.06.14,1976,6,14,175,175,,,33,0,0,/en/players/dennis-ralston/r064/overview,dennis-ralston,r064
1976.06.14,1976,6,14,175,175,,,30,0,0,/en/players/robert-rheinberger/r069/overview,robert-rheinberger,r069
1976.06.14,1976,6,14,179,179,,,18,0,0,/en/players/paul-avis/a113/overview,paul-avis,a113
1976.06.14,1976,6,14,179,179,,,27,0,0,/en/players/pavel-hutka/h097/overview,pavel-hutka,h097
1976.06.14,1976,6,14,179,179,,,25,0,0,/en/players/mike-machette/m132/overview,mike-machette,m132
1976.06.14,1976,6,14,179,179,,,,0,0,/en/players/douglas-palm/p150/overview,douglas-palm,p150
1976.06.14,1976,6,14,183,183,,,24,0,0,/en/players/frank-gebert/g071/overview,frank-gebert,g071
1976.06.14,1976,6,14,183,183,,,20,0,0,/en/players/rolf-gehring/g007/overview,rolf-gehring,g007
1976.06.14,1976,6,14,183,183,,,29,0,0,/en/players/armistead-neely/n043/overview,armistead-neely,n043
1976.06.14,1976,6,14,183,183,,,,0,0,/en/players/yuji-tezuka/t090/overview,yuji-tezuka,t090
1976.06.14,1976,6,14,183,183,,,27,0,0,/en/players/modesto%20tito-vazquez/v051/overview,modesto%20tito-vazquez,v051
1976.06.14,1976,6,14,188,188,,,41,0,0,/en/players/mal-anderson/a060/overview,mal-anderson,a060
1976.06.14,1976,6,14,188,188,,,21,0,0,/en/players/richard-lewis/l025/overview,richard-lewis,l025
1976.06.14,1976,6,14,190,190,,,,0,0,/en/players/enrique-caviglia/c145/overview,enrique-caviglia,c145
1976.06.14,1976,6,14,190,190,,,23,0,0,/en/players/alvaro-fillol/f025/overview,alvaro-fillol,f025
1976.06.14,1976,6,14,190,190,,,28,0,0,/en/players/patrice-hagelauer/h101/overview,patrice-hagelauer,h101
1976.06.14,1976,6,14,190,190,,,28,0,0,/en/players/petr-kanderal/k113/overview,petr-kanderal,k113
1976.06.14,1976,6,14,190,190,,,30,0,0,/en/players/ray-keldie/k047/overview,ray-keldie,k047
1976.06.14,1976,6,14,190,190,,,28,0,0,/en/players/david-lloyd/l083/overview,david-lloyd,l083
1976.06.14,1976,6,14,190,190,,,27,0,0,/en/players/kenneth-mcmillan/m145/overview,kenneth-mcmillan,m145
1976.06.14,1976,6,14,190,190,,,24,0,0,/en/players/jacques-thamin/t099/overview,jacques-thamin,t099
1976.06.14,1976,6,14,190,190,,,37,0,0,/en/players/ion-tiriac/t040/overview,ion-tiriac,t040
1976.06.14,1976,6,14,199,199,,,,0,0,/en/players/massimo-di%20domenico/d137/overview,massimo-di%20domenico,d137
1976.06.14,1976,6,14,199,199,,,22,0,0,/en/players/ernie-ewert/e066/overview,ernie-ewert,e066
1976.06.14,1976,6,14,199,199,,,26,0,0,/en/players/paul-gerken/g073/overview,paul-gerken,g073
1976.06.14,1976,6,14,199,199,,,32,0,0,/en/players/clark-graebner/g079/overview,clark-graebner,g079
1976.06.14,1976,6,14,199,199,,,23,0,0,/en/players/james%20chico-hagey/h054/overview,james%20chico-hagey,h054
1976.06.14,1976,6,14,199,199,,,,0,0,/en/players/john-holladay/h140/overview,john-holladay,h140
1976.06.14,1976,6,14,199,199,,,29,0,0,/en/players/humphrey-hose/h064/overview,humphrey-hose,h064
1976.06.14,1976,6,14,199,199,,,21,0,0,/en/players/bhanu-nunna/n050/overview,bhanu-nunna,n050
1976.06.14,1976,6,14,199,199,,,28,0,0,/en/players/jasjit-singh/s142/overview,jasjit-singh,s142
1976.06.14,1976,6,14,199,199,,,25,0,0,/en/players/joao-soares/s062/overview,joao-soares,s062
1976.06.14,1976,6,14,199,199,,,22,0,0,/en/players/stephen-warboys/w090/overview,stephen-warboys,w090
1976.06.14,1976,6,14,210,210,,,31,0,0,/en/players/ove%20nils-bengtson/b126/overview,ove%20nils-bengtson,b126
1976.06.14,1976,6,14,210,210,,,26,0,0,/en/players/dick%20r.-bohrnstedt/b238/overview,dick%20r.-bohrnstedt,b238
1976.06.14,1976,6,14,210,210,,,,0,0,/en/players/jose-castanon/c189/overview,jose-castanon,c189
1976.06.14,1976,6,14,210,210,,,29,0,0,/en/players/john-cooper/c171/overview,john-cooper,c171
1976.06.14,1976,6,14,210,210,,,21,0,0,/en/players/mike-fishbach/f092/overview,mike-fishbach,f092
1976.06.14,1976,6,14,210,210,,,17,0,0,/en/players/heinz-gunthardt/g050/overview,heinz-gunthardt,g050
1976.06.14,1976,6,14,210,210,,,20,0,0,/en/players/bruce-manson/m014/overview,bruce-manson,m014
1976.06.14,1976,6,14,210,210,,,,0,0,/en/players/zdrabko-mencek/m390/overview,zdrabko-mencek,m390
1976.06.14,1976,6,14,210,210,,,6,0,0,/en/players/francisco-montana/m399/overview,francisco-montana,m399
1976.06.14,1976,6,14,210,210,,,28,0,0,/en/players/toshiro-sakai/s103/overview,toshiro-sakai,s103
1976.06.14,1976,6,14,210,210,,,27,0,0,/en/players/larry-turville/t102/overview,larry-turville,t102
1976.06.14,1976,6,14,221,221,,,20,0,0,/en/players/mansour-bahrami/b001/overview,mansour-bahrami,b001
1976.06.14,1976,6,14,221,221,,,32,0,0,/en/players/szabolcz-baranyi/b233/overview,szabolcz-baranyi,b233
1976.06.14,1976,6,14,221,221,,,32,0,0,/en/players/owen-davidson/d054/overview,owen-davidson,d054
1976.06.14,1976,6,14,221,221,,,,0,0,/en/players/anthony-fawcett/f100/overview,anthony-fawcett,f100
1976.06.14,1976,6,14,221,221,,,27,0,0,/en/players/william-lloyd/l064/overview,william-lloyd,l064
1976.06.14,1976,6,14,221,221,,,,0,0,/en/players/roberto-lombardi/l092/overview,roberto-lombardi,l092
1976.06.14,1976,6,14,221,221,,,,0,0,/en/players/robert-machan/m194/overview,robert-machan,m194
1976.06.14,1976,6,14,221,221,,,20,0,0,/en/players/ulrich-marten/m137/overview,ulrich-marten,m137
1976.06.14,1976,6,14,221,221,,,,0,0,/en/players/ernie-mccabe/m259/overview,ernie-mccabe,m259
1976.06.14,1976,6,14,221,221,,,22,0,0,/en/players/chiradip-mukherjea/m252/overview,chiradip-mukherjea,m252
1976.06.14,1976,6,14,221,221,,,19,0,0,/en/players/gianni-ocleppo/o004/overview,gianni-ocleppo,o004
1976.06.14,1976,6,14,221,221,,,22,0,0,/en/players/henry-pfister/p026/overview,henry-pfister,p026
1976.06.14,1976,6,14,221,221,,,,0,0,/en/players/peter-pokorny/p143/overview,peter-pokorny,p143
1976.06.14,1976,6,14,221,221,,,,0,0,/en/players/spencer-segura/s305/overview,spencer-segura,s305
1976.06.14,1976,6,14,221,221,,,21,0,0,/en/players/javier-soler/s064/overview,javier-soler,s064
1976.06.14,1976,6,14,221,221,,,37,0,0,/en/players/fred-stolle/s129/overview,fred-stolle,s129
1976.06.14,1976,6,14,237,237,,,26,0,0,/en/players/doug-crawford/c053/overview,doug-crawford,c053
1976.06.14,1976,6,14,237,237,,,18,0,0,/en/players/klaus-eberhard/e003/overview,klaus-eberhard,e003
1976.06.14,1976,6,14,237,237,,,25,0,0,/en/players/bill-freer/f076/overview,bill-freer,f076
1976.06.14,1976,6,14,237,237,,,20,0,0,/en/players/jose-garcia-requena/g003/overview,jose-garcia-requena,g003
1976.06.14,1976,6,14,237,237,,,,0,0,/en/players/teimuraz-kakoulia/k105/overview,teimuraz-kakoulia,k105
1976.06.14,1976,6,14,237,237,,,18,0,0,/en/players/jan-kallquist/k069/overview,jan-kallquist,k069
1976.06.14,1976,6,14,237,237,,,,0,0,/en/players/sachio-kato/k084/overview,sachio-kato,k084
1976.06.14,1976,6,14,237,237,,,30,0,0,/en/players/attila-korpas/k090/overview,attila-korpas,k090
1976.06.14,1976,6,14,237,237,,,,0,0,/en/players/francisco-mastelli/m121/overview,francisco-mastelli,m121
1976.06.14,1976,6,14,237,237,,,,0,0,/en/players/roger-mckee/m309/overview,roger-mckee,m309
1976.06.14,1976,6,14,237,237,,,20,0,0,/en/players/peter-mcnamara/m051/overview,peter-mcnamara,m051
1976.06.14,1976,6,14,237,237,,,26,0,0,/en/players/wanaro-n'godrella/n045/overview,wanaro-n'godrella,n045
1976.06.14,1976,6,14,237,237,,,23,0,0,/en/players/joaquim-rasgado%20jr/r066/overview,joaquim-rasgado%20jr,r066
1976.06.14,1976,6,14,237,237,,,,0,0,/en/players/rafael-ruiz/r209/overview,rafael-ruiz,r209
1976.06.14,1976,6,14,237,237,,,48,0,0,/en/players/frank-sedgman/s248/overview,frank-sedgman,s248
1976.06.14,1976,6,14,237,237,,,21,0,0,/en/players/jonathan-smith/s059/overview,jonathan-smith,s059
1976.06.14,1976,6,14,254,254,,,19,0,0,/en/players/ashok-amritraj/a059/overview,ashok-amritraj,a059
1976.06.14,1976,6,14,254,254,,,34,0,0,/en/players/pierre-barthes/b122/overview,pierre-barthes,b122
1976.06.14,1976,6,14,254,254,,,20,0,0,/en/players/david-carter/c072/overview,david-carter,c072
1976.06.14,1976,6,14,254,254,,,,0,0,/en/players/william-coghlan/c228/overview,william-coghlan,c228
1976.06.14,1976,6,14,254,254,,,26,0,0,/en/players/steve-docherty/d078/overview,steve-docherty,d078
1976.06.14,1976,6,14,254,254,,,,0,0,/en/players/william-durham/d140/overview,william-durham,d140
1976.06.14,1976,6,14,254,254,,,26,0,0,/en/players/kenichi-hirai/h023/overview,kenichi-hirai,h023
1976.06.14,1976,6,14,254,254,,,26,0,0,/en/players/nicolas-kelaidis/k046/overview,nicolas-kelaidis,k046
1976.06.14,1976,6,14,254,254,,,33,0,0,/en/players/jan-kukal/k099/overview,jan-kukal,k099
1976.06.14,1976,6,14,254,254,,,,0,0,/en/players/trevor-little/l138/overview,trevor-little,l138
1976.06.14,1976,6,14,254,254,,,,0,0,/en/players/jim-moore/m277/overview,jim-moore,m277
1976.06.14,1976,6,14,254,254,,,,0,0,/en/players/jose%20a.-moreno/m088/overview,jose%20a.-moreno,m088
1976.06.14,1976,6,14,254,254,,,,0,0,/en/players/johnny-muller/m354/overview,johnny-muller,m354
1976.06.14,1976,6,14,254,254,,,38,0,0,/en/players/gene-scott/s210/overview,gene-scott,s210
1976.06.14,1976,6,14,254,254,,,,0,0,/en/players/jan-zabrodsky/z030/overview,jan-zabrodsky,z030
1976.06.14,1976,6,14,272,272,,,,0,0,/en/players/joe-bouquin/b209/overview,joe-bouquin,b209
1976.06.14,1976,6,14,272,272,,,,0,0,/en/players/roberto-carruthers/c133/overview,roberto-carruthers,c133
1976.06.14,1976,6,14,272,272,,,21,0,0,/en/players/freddie-de%20jesus/d117/overview,freddie-de%20jesus,d117
1976.06.14,1976,6,14,272,272,,,,0,0,/en/players/antonio-domenech/d091/overview,antonio-domenech,d091
1976.06.14,1976,6,14,272,272,,,32,0,0,/en/players/roger-dowdeswell/d081/overview,roger-dowdeswell,d081
1976.06.14,1976,6,14,272,272,,,,0,0,/en/players/john-eagleton/e073/overview,john-eagleton,e073
1976.06.14,1976,6,14,272,272,,,19,0,0,/en/players/eddie-edwards/e006/overview,eddie-edwards,e006
1976.06.14,1976,6,14,272,272,,,,0,0,/en/players/aly-el%20dawoudi/e051/overview,aly-el%20dawoudi,e051
1976.06.14,1976,6,14,272,272,,,,0,0,/en/players/ulf-eriksson/e072/overview,ulf-eriksson,e072
1976.06.14,1976,6,14,272,272,,,22,0,0,/en/players/rick-fagel/f001/overview,rick-fagel,f001
1976.06.14,1976,6,14,272,272,,,28,0,0,/en/players/peter-fishbach/f116/overview,peter-fishbach,f116
1976.06.14,1976,6,14,272,272,,,,0,0,/en/players/graydon-garner/g154/overview,graydon-garner,g154
1976.06.14,1976,6,14,272,272,,,,0,0,/en/players/fernando-gentil/g184/overview,fernando-gentil,g184
1976.06.14,1976,6,14,272,272,,,20,0,0,/en/players/hans-gildemeister/g015/overview,hans-gildemeister,g015
1976.06.14,1976,6,14,272,272,,,20,0,0,/en/players/francisco-gonzalez/g024/overview,francisco-gonzalez,g024
1976.06.14,1976,6,14,272,272,,,,0,0,/en/players/hans-goransson/g189/overview,hans-goransson,g189
1976.06.14,1976,6,14,272,272,,,,0,0,/en/players/juan-herrera/h180/overview,juan-herrera,h180
1976.06.14,1976,6,14,272,272,,,23,0,0,/en/players/deon-joubert/j021/overview,deon-joubert,j021
1976.06.14,1976,6,14,272,272,,,,0,0,/en/players/carlos-lando/l079/overview,carlos-lando,l079
1976.06.14,1976,6,14,272,272,,,,0,0,/en/players/bengt-lundstedt/l156/overview,bengt-lundstedt,l156
1976.06.14,1976,6,14,272,272,,,,0,0,/en/players/mike-lynch/l142/overview,mike-lynch,l142
1976.06.14,1976,6,14,272,272,,,23,0,0,/en/players/john-marks/m136/overview,john-marks,m136
1976.06.14,1976,6,14,272,272,,,24,0,0,/en/players/dean-martin/m290/overview,dean-martin,m290
1976.06.14,1976,6,14,272,272,,,,0,0,/en/players/alberto-martorell/m241/overview,alberto-martorell,m241
1976.06.14,1976,6,14,272,272,,,20,0,0,/en/players/miguel-mir/m123/overview,miguel-mir,m123
1976.06.14,1976,6,14,272,272,,,,0,0,/en/players/jaidip-mukerjea/m272/overview,jaidip-mukerjea,m272
1976.06.14,1976,6,14,272,272,,,22,0,0,/en/players/mike-myburg/m124/overview,mike-myburg,m124
1976.06.14,1976,6,14,272,272,,,35,0,0,/en/players/larry-nagler/n098/overview,larry-nagler,n098
1976.06.14,1976,6,14,272,272,,,31,0,0,/en/players/jim-osborne/o046/overview,jim-osborne,o046
1976.06.14,1976,6,14,272,272,,,28,0,0,/en/players/john-paish/p142/overview,john-paish,p142
1976.06.14,1976,6,14,272,272,,,20,0,0,/en/players/peter-pearson/p075/overview,peter-pearson,p075
1976.06.14,1976,6,14,272,272,,,26,0,0,/en/players/alejandro-pierola/p030/overview,alejandro-pierola,p030
1976.06.14,1976,6,14,272,272,,,26,0,0,/en/players/dale-power/p044/overview,dale-power,p044
1976.06.14,1976,6,14,272,272,,,,0,0,/en/players/javier-restrepo/r062/overview,javier-restrepo,r062
1976.06.14,1976,6,14,272,272,,,,0,0,/en/players/pekka-saila/s306/overview,pekka-saila,s306
1976.06.14,1976,6,14,272,272,,,26,0,0,/en/players/louk-sanders/s136/overview,louk-sanders,s136
1976.06.14,1976,6,14,272,272,,,,0,0,/en/players/ionel-santeiu/s254/overview,ionel-santeiu,s254
1976.06.14,1976,6,14,272,272,,,21,0,0,/en/players/david-schneider/s115/overview,david-schneider,s115
1976.06.14,1976,6,14,272,272,,,18,0,0,/en/players/howard-schoenfield/s137/overview,howard-schoenfield,s137
1976.06.14,1976,6,14,272,272,,,37,0,0,/en/players/dimitri-sturdza/s241/overview,dimitri-sturdza,s241
1976.06.14,1976,6,14,272,272,,,26,0,0,/en/players/luis%20felipe-tavares/t049/overview,luis%20felipe-tavares,t049
1976.06.14,1976,6,14,272,272,,,,0,0,/en/players/matti-timonen/t022/overview,matti-timonen,t022
1976.06.14,1976,6,14,272,272,,,,0,0,/en/players/piero-toci/t086/overview,piero-toci,t086
1976.06.14,1976,6,14,272,272,,,,0,0,/en/players/bjorn-wahlstrom/w118/overview,bjorn-wahlstrom,w118
1976.06.14,1976,6,14,272,272,,,21,0,0,/en/players/butch-walts/w002/overview,butch-walts,w002
1976.06.14,1976,6,14,272,272,,,,0,0,/en/players/gerard-wimmer/w079/overview,gerard-wimmer,w079
1976.06.14,1976,6,14,326,326,,,,0,0,/en/players/taghi-akbari/a145/overview,taghi-akbari,a145
1976.06.14,1976,6,14,326,326,,,22,0,0,/en/players/bernard-balleret/b004/overview,bernard-balleret,b004
1976.06.14,1976,6,14,326,326,,,31,0,0,/en/players/tony-bardsley/b120/overview,tony-bardsley,b120
1976.06.14,1976,6,14,326,326,,,19,0,0,/en/players/dominique-bedel/b030/overview,dominique-bedel,b030
1976.06.14,1976,6,14,326,326,,,31,0,0,/en/players/patrice-beust/b229/overview,patrice-beust,b229
1976.06.14,1976,6,14,326,326,,,,0,0,/en/players/ben-bishop/b137/overview,ben-bishop,b137
1976.06.14,1976,6,14,326,326,,,,0,0,/en/players/luis-borfiga/b060/overview,luis-borfiga,b060
1976.06.14,1976,6,14,326,326,,,,0,0,/en/players/greg-braun/b184/overview,greg-braun,b184
1976.06.14,1976,6,14,326,326,,,20,0,0,/en/players/regis-brunet/b213/overview,regis-brunet,b213
1976.06.14,1976,6,14,326,326,,,35,0,0,/en/players/earl%20butch-buchholz/b228/overview,earl%20butch-buchholz,b228
1976.06.14,1976,6,14,326,326,,,,0,0,/en/players/glenn-busby/b187/overview,glenn-busby,b187
1976.06.14,1976,6,14,326,326,,,,0,0,/en/players/salvador-cabeza/c281/overview,salvador-cabeza,c281
1976.06.14,1976,6,14,326,326,,,25,0,0,/en/players/peter-campbell/c079/overview,peter-campbell,c079
1976.06.14,1976,6,14,326,326,,,,0,0,/en/players/scott-clark/c124/overview,scott-clark,c124
1976.06.14,1976,6,14,326,326,,,32,0,0,/en/players/daniel-contet/c170/overview,daniel-contet,c170
1976.06.14,1976,6,14,326,326,,,,0,0,/en/players/eddie-cruz/c225/overview,eddie-cruz,c225
1976.06.14,1976,6,14,326,326,,,,0,0,/en/players/ezio-di%20matteo/d135/overview,ezio-di%20matteo,d135
1976.06.14,1976,6,14,326,326,,,18,0,0,/en/players/peter-elter/e013/overview,peter-elter,e013
1976.06.14,1976,6,14,326,326,,,39,0,0,/en/players/roy-emerson/e030/overview,roy-emerson,e030
1976.06.14,1976,6,14,326,326,,,24,0,0,/en/players/peter-feigl/f011/overview,peter-feigl,f011
1976.06.14,1976,6,14,326,326,,,,0,0,/en/players/carlos-feldstedt/f131/overview,carlos-feldstedt,f131
1976.06.14,1976,6,14,326,326,,,,0,0,/en/players/wouter-fok/f175/overview,wouter-fok,f175
1976.06.14,1976,6,14,326,326,,,,0,0,/en/players/vincenzo-franchitti/f103/overview,vincenzo-franchitti,f103
1976.06.14,1976,6,14,326,326,,,42,0,0,/en/players/neale-fraser/f113/overview,neale-fraser,f113
1976.06.14,1976,6,14,326,326,,,23,0,0,/en/players/rejean-genois/g072/overview,rejean-genois,g072
1976.06.14,1976,6,14,326,326,,,16,0,0,/en/players/larry-gottfried/g161/overview,larry-gottfried,g161
1976.06.14,1976,6,14,326,326,,,,0,0,/en/players/jose-guerrero/g183/overview,jose-guerrero,g183
1976.06.14,1976,6,14,326,326,,,,0,0,/en/players/keith-hancock/h136/overview,keith-hancock,h136
1976.06.14,1976,6,14,326,326,,,,0,0,/en/players/dave-kanter/k130/overview,dave-kanter,k130
1976.06.14,1976,6,14,326,326,,,15,0,0,/en/players/ramesh-krishnan/k024/overview,ramesh-krishnan,k024
1976.06.14,1976,6,14,326,326,,,,0,0,/en/players/rauty-krog/k102/overview,rauty-krog,k102
1976.06.14,1976,6,14,326,326,,,35,0,0,/en/players/premjit-lall/l117/overview,premjit-lall,l117
1976.06.14,1976,6,14,326,326,,,19,0,0,/en/players/gianni-marchetti/m106/overview,gianni-marchetti,m106
1976.06.14,1976,6,14,326,326,,,,0,0,/en/players/pietro-marzano/m224/overview,pietro-marzano,m224
1976.06.14,1976,6,14,326,326,,,29,0,0,/en/players/robert-maud/m140/overview,robert-maud,m140
1976.06.14,1976,6,14,326,326,,,21,0,0,/en/players/paul-mcnamee/m050/overview,paul-mcnamee,m050
1976.06.14,1976,6,14,326,326,,,,0,0,/en/players/jan-pisecky/p167/overview,jan-pisecky,p167
1976.06.14,1976,6,14,326,326,,,,0,0,/en/players/thierry%20-quintin/q009/overview,thierry%20-quintin,q009
1976.06.14,1976,6,14,326,326,,,37,0,0,/en/players/patricio-rodriguez/r074/overview,patricio-rodriguez,r074
1976.06.14,1976,6,14,326,326,,,18,0,0,/en/players/christophe-roger-vasselin/r037/overview,christophe-roger-vasselin,r037
1976.06.14,1976,6,14,326,326,,,,0,0,/en/players/george-rudman/r085/overview,george-rudman,r085
1976.06.14,1976,6,14,326,326,,,34,0,0,/en/players/terry-ryan/r078/overview,terry-ryan,r078
1976.06.14,1976,6,14,326,326,,,,0,0,/en/players/frank-salazar/s186/overview,frank-salazar,s186
1976.06.14,1976,6,14,326,326,,,,0,0,/en/players/derek-schroder/s243/overview,derek-schroder,s243
1976.06.14,1976,6,14,326,326,,,,0,0,/en/players/mike-styles/s168/overview,mike-styles,s168
1976.06.14,1976,6,14,326,326,,,28,0,0,/en/players/kiyoski-tanabe/t062/overview,kiyoski-tanabe,t062
1976.06.14,1976,6,14,326,326,,,,0,0,/en/players/graeme-thomson/t096/overview,graeme-thomson,t096
1976.06.14,1976,6,14,326,326,,,,0,0,/en/players/john-trickey/t078/overview,john-trickey,t078
1976.06.14,1976,6,14,326,326,,,47,0,0,/en/players/torben-ulrich/u011/overview,torben-ulrich,u011
1976.06.14,1976,6,14,326,326,,,,0,0,/en/players/paul-van%20min/v079/overview,paul-van%20min,v079
1976.06.14,1976,6,14,326,326,,,,0,0,/en/players/fernando-vasquez/v070/overview,fernando-vasquez,v070
1976.06.14,1976,6,14,326,326,,,,0,0,/en/players/enzo-vattuone/v038/overview,enzo-vattuone,v038
1976.06.14,1976,6,14,326,326,,,23,0,0,/en/players/michael-wayman/w010/overview,michael-wayman,w010
1976.06.14,1976,6,14,326,326,,,,0,0,/en/players/steven-wright/w100/overview,steven-wright,w100
1976.06.14,1976,6,14,326,326,,,,0,0,/en/players/yuksel-yenilmez/y020/overview,yuksel-yenilmez,y020
1976.05.10,1976,5,10,2,2,,,32,0,0,/en/players/arthur-ashe/a063/overview,arthur-ashe,a063
1976.05.10,1976,5,10,68,68,,,23,0,0,/en/players/mike-cahill/c075/overview,mike-cahill,c075
1976.04.25,1976,4,25,14,14,,,24,0,0,/en/players/ross-case/c020/overview,ross-case,c020
1976.04.25,1976,4,25,78,78,,,21,0,0,/en/players/paul-kronk/k073/overview,paul-kronk,k073
1976.04.12,1976,4,12,14,14,5,up,30,0,0,/en/players/jan-kodes/k049/overview,jan-kodes,k049
1976.04.12,1976,4,12,14,14,,,4,0,0,/en/players/jan-kodes%20jr./k234/overview,jan-kodes%20jr.,k234
1976.04.12,1976,4,12,15,15,7,up,28,0,0,/en/players/robert-lutz/l045/overview,robert-lutz,l045
1976.04.12,1976,4,12,40,40,14,up,29,0,0,/en/players/ivan-molina/m152/overview,ivan-molina,m152
1976.04.12,1976,4,12,99,99,18,up,30,0,0,/en/players/joaquin-loyo-mayo/l066/overview,joaquin-loyo-mayo,l066
