1977.12.31,1977,12,31,1,1,,,25,0,0,/en/players/jimmy-connors/c044/overview,jimmy-connors,c044
1977.12.31,1977,12,31,2,2,,,25,0,0,/en/players/guillermo-vilas/v028/overview,guillermo-vilas,v028
1977.12.31,1977,12,31,3,3,,,21,0,0,/en/players/bjorn-borg/b058/overview,bjorn-borg,b058
1977.12.31,1977,12,31,4,4,,,23,0,0,/en/players/vitas-gerulaitis/g008/overview,vitas-gerulaitis,g008
1977.12.31,1977,12,31,5,5,,,25,0,0,/en/players/brian-gottfried/g029/overview,brian-gottfried,g029
1977.12.31,1977,12,31,6,6,,,26,0,0,/en/players/eddie-dibbs/d026/overview,eddie-dibbs,d026
1977.12.31,1977,12,31,7,7,,,28,0,0,/en/players/manuel-orantes/o017/overview,manuel-orantes,o017
1977.12.31,1977,12,31,8,8,,,24,0,0,/en/players/raul-ramirez/r065/overview,raul-ramirez,r065
1977.12.31,1977,12,31,9,9,,,31,0,0,/en/players/ilie-nastase/n008/overview,ilie-nastase,n008
1977.12.31,1977,12,31,10,10,2,down,26,0,0,/en/players/dick-stockton/s090/overview,dick-stockton,s090
1977.12.31,1977,12,31,11,11,,,24,0,0,/en/players/corrado-barazzutti/b007/overview,corrado-barazzutti,b007
1977.12.31,1977,12,31,12,12,,,43,0,0,/en/players/ken-rosewall/r075/overview,ken-rosewall,r075
1977.12.31,1977,12,31,13,13,,,25,0,0,/en/players/wojtek-fibak/f020/overview,wojtek-fibak,f020
1977.12.31,1977,12,31,14,14,,,25,0,0,/en/players/harold-solomon/s065/overview,harold-solomon,s065
1977.12.31,1977,12,31,15,15,,,26,0,0,/en/players/roscoe-tanner/t006/overview,roscoe-tanner,t006
1977.12.31,1977,12,31,16,16,,,25,0,0,/en/players/sandy-mayer/m039/overview,sandy-mayer,m039
1977.12.31,1977,12,31,17,17,,,31,0,0,/en/players/jaime-fillol%20sr./f024/overview,jaime-fillol%20sr.,f024
1977.12.31,1977,12,31,18,18,,,26,0,0,/en/players/john-alexander/a014/overview,john-alexander,a014
1977.12.31,1977,12,31,19,19,,,32,0,0,/en/players/tony-roche/r073/overview,tony-roche,r073
1977.12.31,1977,12,31,20,20,,,22,0,0,/en/players/buster%20c.-mottram/m154/overview,buster%20c.-mottram,m154
1977.12.31,1977,12,31,21,21,,,18,0,0,/en/players/john-mcenroe/m047/overview,john-mcenroe,m047
1977.12.31,1977,12,31,22,22,,,27,0,0,/en/players/phil-dent/d074/overview,phil-dent,d074
1977.12.31,1977,12,31,23,23,,,27,0,0,/en/players/adriano-panatta/p059/overview,adriano-panatta,p059
1977.12.31,1977,12,31,24,24,,,31,0,0,/en/players/stan-smith/s060/overview,stan-smith,s060
1977.12.31,1977,12,31,25,25,,,28,0,0,/en/players/jeff-borowiak/b059/overview,jeff-borowiak,b059
1977.12.31,1977,12,31,26,26,,,34,0,0,/en/players/mark-cox/c090/overview,mark-cox,c090
1977.12.31,1977,12,31,27,27,,,36,0,0,/en/players/cliff-drysdale/d082/overview,cliff-drysdale,d082
1977.12.31,1977,12,31,28,28,,,26,0,0,/en/players/tim-gullikson/g048/overview,tim-gullikson,g048
1977.12.31,1977,12,31,29,29,,,26,0,0,/en/players/paolo-bertolucci/b129/overview,paolo-bertolucci,b129
1977.12.31,1977,12,31,30,30,,,24,0,0,/en/players/jose-higueras/h019/overview,jose-higueras,h019
1977.12.31,1977,12,31,31,31,,,33,0,0,/en/players/tom-okker/o032/overview,tom-okker,o032
1977.12.31,1977,12,31,32,32,,,23,0,0,/en/players/balazs-taroczy/t007/overview,balazs-taroczy,t007
1977.12.31,1977,12,31,33,33,,,23,0,0,/en/players/john-lloyd/l036/overview,john-lloyd,l036
1977.12.31,1977,12,31,34,34,,,30,0,0,/en/players/robert-lutz/l045/overview,robert-lutz,l045
1977.12.31,1977,12,31,35,35,,,28,0,0,/en/players/karl-meiler/m055/overview,karl-meiler,m055
1977.12.31,1977,12,31,36,36,,,33,0,0,/en/players/colin-dibley/d076/overview,colin-dibley,d076
1977.12.31,1977,12,31,37,37,,,21,0,0,/en/players/bill-scanlon/s017/overview,bill-scanlon,s017
1977.12.31,1977,12,31,38,38,,,31,0,0,/en/players/raymond-moore/m118/overview,raymond-moore,m118
1977.12.31,1977,12,31,39,39,,,22,0,0,/en/players/victor-pecci%20sr./p015/overview,victor-pecci%20sr.,p015
1977.12.31,1977,12,31,40,40,,,31,0,0,/en/players/jan-kodes/k049/overview,jan-kodes,k049
1977.12.31,1977,12,31,41,41,,,31,0,0,/en/players/tom-gorman/g078/overview,tom-gorman,g078
1977.12.31,1977,12,31,42,42,,,30,0,0,/en/players/zeljko-franulovic/f074/overview,zeljko-franulovic,f074
1977.12.31,1977,12,31,43,43,,,21,0,0,/en/players/hans-gildemeister/g015/overview,hans-gildemeister,g015
1977.12.31,1977,12,31,44,44,,,28,0,0,/en/players/patrick-proisy/p085/overview,patrick-proisy,p085
1977.12.31,1977,12,31,44,44,,,27,0,0,/en/players/antonio-zugarelli/z013/overview,antonio-zugarelli,z013
1977.12.31,1977,12,31,46,46,,,24,0,0,/en/players/vijay-amritraj/a022/overview,vijay-amritraj,a022
1977.12.31,1977,12,31,47,47,,,22,0,0,/en/players/peter-fleming/f030/overview,peter-fleming,f030
1977.12.31,1977,12,31,48,48,,,24,0,0,/en/players/henry-pfister/p026/overview,henry-pfister,p026
1977.12.31,1977,12,31,49,49,,,23,0,0,/en/players/mike-fishbach/f092/overview,mike-fishbach,f092
1977.12.31,1977,12,31,50,50,,,25,0,0,/en/players/kim-warwick/w006/overview,kim-warwick,w006
1977.12.31,1977,12,31,51,51,,,20,0,0,/en/players/chris-lewis%20(nzl)/l024/overview,chris-lewis%20(nzl),l024
1977.12.31,1977,12,31,52,52,,,22,0,0,/en/players/butch-walts/w002/overview,butch-walts,w002
1977.12.31,1977,12,31,53,53,,,25,0,0,/en/players/terry-moor/m081/overview,terry-moor,m081
1977.12.31,1977,12,31,54,54,,,23,0,0,/en/players/brian-teacher/t011/overview,brian-teacher,t011
1977.12.31,1977,12,31,55,55,,,26,0,0,/en/players/ross-case/c020/overview,ross-case,c020
1977.12.31,1977,12,31,56,56,,,37,0,0,/en/players/bob-hewitt/h058/overview,bob-hewitt,h058
1977.12.31,1977,12,31,57,57,,,36,0,0,/en/players/marty-riessen/r055/overview,marty-riessen,r055
1977.12.31,1977,12,31,58,58,,,35,0,0,/en/players/francois-jauffret/j031/overview,francois-jauffret,j031
1977.12.31,1977,12,31,59,59,,,21,0,0,/en/players/billy-martin/m138/overview,billy-martin,m138
1977.12.31,1977,12,31,60,60,,,26,0,0,/en/players/tom-gullikson/g049/overview,tom-gullikson,g049
1977.12.31,1977,12,31,61,61,,,35,0,0,/en/players/frew-mcmillan/m111/overview,frew-mcmillan,m111
1977.12.31,1977,12,31,62,62,,,21,0,0,/en/players/nick-saviano/s111/overview,nick-saviano,s111
1977.12.31,1977,12,31,63,63,,,27,0,0,/en/players/jiri-hrebec/h066/overview,jiri-hrebec,h066
1977.12.31,1977,12,31,64,64,,,29,0,0,/en/players/jurgen-fassbender/f068/overview,jurgen-fassbender,f068
1977.12.31,1977,12,31,65,65,,,25,0,0,/en/players/cliff-letcher/l062/overview,cliff-letcher,l062
1977.12.31,1977,12,31,66,66,,,26,0,0,/en/players/kjell-johansson/j032/overview,kjell-johansson,j032
1977.12.31,1977,12,31,67,67,,,21,0,0,/en/players/tomas-smid/s058/overview,tomas-smid,s058
1977.12.31,1977,12,31,68,68,,,33,0,0,/en/players/dick-crealy/c093/overview,dick-crealy,c093
1977.12.31,1977,12,31,69,69,,,33,0,0,/en/players/patricio-cornejo/c088/overview,patricio-cornejo,c088
1977.12.31,1977,12,31,69,69,,,30,0,0,/en/players/marcelo-lara/l057/overview,marcelo-lara,l057
1977.12.31,1977,12,31,71,71,,,33,0,0,/en/players/charlie-pasarell/p072/overview,charlie-pasarell,p072
1977.12.31,1977,12,31,72,72,,,12,0,0,/en/players/danny-granot/g208/overview,danny-granot,g208
1977.12.31,1977,12,31,73,73,,,23,0,0,/en/players/victor-amaya/a044/overview,victor-amaya,a044
1977.12.31,1977,12,31,74,74,,,24,0,0,/en/players/keith-richardson/r070/overview,keith-richardson,r070
1977.12.31,1977,12,31,75,75,,,30,0,0,/en/players/vladimir-zednik/z023/overview,vladimir-zednik,z023
1977.12.31,1977,12,31,76,76,,,28,0,0,/en/players/bob-giltinan/g074/overview,bob-giltinan,g074
1977.12.31,1977,12,31,77,77,,,23,0,0,/en/players/richard-lewis/l025/overview,richard-lewis,l025
1977.12.31,1977,12,31,78,78,,,32,0,0,/en/players/ove%20nils-bengtson/b126/overview,ove%20nils-bengtson,b126
1977.12.31,1977,12,31,78,78,,,24,0,0,/en/players/jean-francois-caujolle/c082/overview,jean-francois-caujolle,c082
1977.12.31,1977,12,31,78,78,,,24,0,0,/en/players/rick-fagel/f001/overview,rick-fagel,f001
1977.12.31,1977,12,31,78,78,,,29,0,0,/en/players/georges-goven/g031/overview,georges-goven,g031
1977.12.31,1977,12,31,78,78,,,27,0,0,/en/players/geoff-masters/m139/overview,geoff-masters,m139
1977.12.31,1977,12,31,83,83,,,30,0,0,/en/players/ismail-el%20shafei/e038/overview,ismail-el%20shafei,e038
1977.12.31,1977,12,31,84,84,,,25,0,0,/en/players/byron-bertram/b130/overview,byron-bertram,b130
1977.12.31,1977,12,31,85,85,,,27,0,0,/en/players/patrice-dominguez/d080/overview,patrice-dominguez,d080
1977.12.31,1977,12,31,85,85,,,25,0,0,/en/players/frank-gebert/g071/overview,frank-gebert,g071
1977.12.31,1977,12,31,87,87,,,25,0,0,/en/players/eric-deblicker/d063/overview,eric-deblicker,d063
1977.12.31,1977,12,31,87,87,,,32,0,0,/en/players/allan-stone/s148/overview,allan-stone,s148
1977.12.31,1977,12,31,89,89,,,23,0,0,/en/players/pat-dupre/d048/overview,pat-dupre,d048
1977.12.31,1977,12,31,90,90,,,23,0,0,/en/players/bernard-mitton/m072/overview,bernard-mitton,m072
1977.12.31,1977,12,31,91,91,,,38,0,0,/en/players/nikola-pilic/p080/overview,nikola-pilic,p080
1977.12.31,1977,12,31,92,92,,,29,0,0,/en/players/brian-fairlie/f066/overview,brian-fairlie,f066
1977.12.31,1977,12,31,93,93,,,28,0,0,/en/players/andrew-pattison/p074/overview,andrew-pattison,p074
1977.12.31,1977,12,31,94,94,,,31,0,0,/en/players/sherwood-stewart/s082/overview,sherwood-stewart,s082
1977.12.31,1977,12,31,95,95,,,31,0,0,/en/players/ivan-molina/m152/overview,ivan-molina,m152
1977.12.31,1977,12,31,96,96,,,31,0,0,/en/players/ray-ruffels/r076/overview,ray-ruffels,r076
1977.12.31,1977,12,31,97,97,,,31,0,0,/en/players/cliff-richey/r071/overview,cliff-richey,r071
1977.12.31,1977,12,31,98,98,,,27,0,0,/en/players/louk-sanders/s136/overview,louk-sanders,s136
1977.12.31,1977,12,31,99,99,,,23,0,0,/en/players/mark-edmondson/e005/overview,mark-edmondson,e005
1977.12.31,1977,12,31,100,100,,,22,0,0,/en/players/colin-dowdeswell/d037/overview,colin-dowdeswell,d037
1977.12.31,1977,12,31,101,101,,,25,0,0,/en/players/robin-drysdale/d042/overview,robin-drysdale,d042
1977.12.31,1977,12,31,102,102,,,27,0,0,/en/players/steve-docherty/d078/overview,steve-docherty,d078
1977.12.31,1977,12,31,103,103,,,38,0,0,/en/players/ion-tiriac/t040/overview,ion-tiriac,t040
1977.12.31,1977,12,31,104,104,,,23,0,0,/en/players/paul-mcnamee/m050/overview,paul-mcnamee,m050
1977.12.31,1977,12,31,105,105,,,28,0,0,/en/players/hans-kary/k041/overview,hans-kary,k041
1977.12.31,1977,12,31,106,106,,,28,0,0,/en/players/william-lloyd/l064/overview,william-lloyd,l064
1977.12.31,1977,12,31,106,106,,,18,0,0,/en/players/eliot-teltscher/t012/overview,eliot-teltscher,t012
1977.12.31,1977,12,31,108,108,,,20,0,0,/en/players/christophe-roger-vasselin/r037/overview,christophe-roger-vasselin,r037
1977.12.31,1977,12,31,109,109,,,28,0,0,/en/players/zan-guerry/g116/overview,zan-guerry,g116
1977.12.31,1977,12,31,110,110,,,26,0,0,/en/players/john-james/j029/overview,john-james,j029
1977.12.31,1977,12,31,111,111,,,23,0,0,/en/players/ulrich-pinner/p034/overview,ulrich-pinner,p034
1977.12.31,1977,12,31,112,112,,,36,0,0,/en/players/roger-taylor/t050/overview,roger-taylor,t050
1977.12.31,1977,12,31,113,113,,,22,0,0,/en/players/rolf-gehring/g007/overview,rolf-gehring,g007
1977.12.31,1977,12,31,114,114,,,18,0,0,/en/players/tim-wilkison/w019/overview,tim-wilkison,w019
1977.12.31,1977,12,31,115,115,,,25,0,0,/en/players/mike-cahill/c075/overview,mike-cahill,c075
1977.12.31,1977,12,31,116,116,,,24,0,0,/en/players/george-hardie/h056/overview,george-hardie,h056
1977.12.31,1977,12,31,117,117,,,26,0,0,/en/players/rick-fisher/f070/overview,rick-fisher,f070
1977.12.31,1977,12,31,117,117,,,19,0,0,/en/players/ricardo-ycaza/y007/overview,ricardo-ycaza,y007
1977.12.31,1977,12,31,119,119,,,33,0,0,/en/players/john-newcombe/n044/overview,john-newcombe,n044
1977.12.31,1977,12,31,120,120,,,27,0,0,/en/players/carlos-kirmayr/k009/overview,carlos-kirmayr,k009
1977.12.31,1977,12,31,121,121,,,26,0,0,/en/players/ricardo-cano/c010/overview,ricardo-cano,c010
1977.12.31,1977,12,31,122,122,,,33,0,0,/en/players/nicola%20-spear/s146/overview,nicola%20-spear,s146
1977.12.31,1977,12,31,123,123,,,25,0,0,/en/players/anand-amritraj/a021/overview,anand-amritraj,a021
1977.12.31,1977,12,31,124,124,,,39,0,0,/en/players/rod-laver/l058/overview,rod-laver,l058
1977.12.31,1977,12,31,124,124,,,29,0,0,/en/players/tom-leonard/l061/overview,tom-leonard,l061
1977.12.31,1977,12,31,126,126,,,23,0,0,/en/players/russell-simpson/s052/overview,russell-simpson,s052
1977.12.31,1977,12,31,127,127,,,26,0,0,/en/players/erik-van%20dillen/v049/overview,erik-van%20dillen,v049
1977.12.31,1977,12,31,128,128,,,25,0,0,/en/players/john-feaver/f008/overview,john-feaver,f008
1977.12.31,1977,12,31,129,129,,,22,0,0,/en/players/belus-prajoux/p046/overview,belus-prajoux,p046
1977.12.31,1977,12,31,130,130,,,34,0,0,/en/players/arthur-ashe/a063/overview,arthur-ashe,a063
1977.12.31,1977,12,31,130,130,,,22,0,0,/en/players/greg-halder/h055/overview,greg-halder,h055
1977.12.31,1977,12,31,132,132,,,24,0,0,/en/players/deon-joubert/j021/overview,deon-joubert,j021
1977.12.31,1977,12,31,133,133,,,24,0,0,/en/players/jim-delaney/d072/overview,jim-delaney,d072
1977.12.31,1977,12,31,134,134,,,29,0,0,/en/players/john-yuill/y008/overview,john-yuill,y008
1977.12.31,1977,12,31,135,135,,,26,0,0,/en/players/steve-krulevitz/k053/overview,steve-krulevitz,k053
1977.12.31,1977,12,31,136,136,,,28,0,0,/en/players/haroon-rahim/r063/overview,haroon-rahim,r063
1977.12.31,1977,12,31,137,137,,,27,0,0,/en/players/fred-mcnair%20iv/m146/overview,fred-mcnair%20iv,m146
1977.12.31,1977,12,31,138,138,,,27,0,0,/en/players/alvaro-betancur/b131/overview,alvaro-betancur,b131
1977.12.31,1977,12,31,139,139,,,30,0,0,/en/players/elio%20lito-alvarez/a057/overview,elio%20lito-alvarez,a057
1977.12.31,1977,12,31,139,139,,,28,0,0,/en/players/pavel-hutka/h097/overview,pavel-hutka,h097
1977.12.31,1977,12,31,141,141,,,21,0,0,/en/players/bruce-manson/m014/overview,bruce-manson,m014
1977.12.31,1977,12,31,142,142,,,21,0,0,/en/players/gene-mayer/m038/overview,gene-mayer,m038
1977.12.31,1977,12,31,143,143,,,23,0,0,/en/players/terry-rocavert/r072/overview,terry-rocavert,r072
1977.12.31,1977,12,31,144,144,,,23,0,0,/en/players/willem-prinsloo/p084/overview,willem-prinsloo,p084
1977.12.31,1977,12,31,145,145,,,21,0,0,/en/players/christophe-freyss/f042/overview,christophe-freyss,f042
1977.12.31,1977,12,31,146,146,,,27,0,0,/en/players/dick%20r.-bohrnstedt/b238/overview,dick%20r.-bohrnstedt,b238
1977.12.31,1977,12,31,147,147,,,33,0,0,/en/players/alex-metreveli/m271/overview,alex-metreveli,m271
1977.12.31,1977,12,31,147,147,,,31,0,0,/en/players/butch-seewagen/s139/overview,butch-seewagen,s139
1977.12.31,1977,12,31,149,149,,,30,0,0,/en/players/onny-parun/p070/overview,onny-parun,p070
1977.12.31,1977,12,31,150,150,,,22,0,0,/en/players/chris-kachel/k044/overview,chris-kachel,k044
1977.12.31,1977,12,31,151,151,,,40,0,0,/en/players/barry-phillips-moore/p078/overview,barry-phillips-moore,p078
1977.12.31,1977,12,31,152,152,,,22,0,0,/en/players/trey-waltke/w045/overview,trey-waltke,w045
1977.12.31,1977,12,31,153,153,,,26,0,0,/en/players/antonio-munoz/m156/overview,antonio-munoz,m156
1977.12.31,1977,12,31,154,154,,,22,0,0,/en/players/javier-soler/s064/overview,javier-soler,s064
1977.12.31,1977,12,31,155,155,,,21,0,0,/en/players/werner-zirngibl/z012/overview,werner-zirngibl,z012
1977.12.31,1977,12,31,156,156,,,41,0,0,/en/players/roy-emerson/e030/overview,roy-emerson,e030
1977.12.31,1977,12,31,156,156,,,23,0,0,/en/players/eric-friedler/f077/overview,eric-friedler,f077
1977.12.31,1977,12,31,158,158,,,19,0,0,/en/players/peter-elter/e013/overview,peter-elter,e013
1977.12.31,1977,12,31,159,159,,,26,0,0,/en/players/woody-blocher/b132/overview,woody-blocher,b132
1977.12.31,1977,12,31,159,159,,,23,0,0,/en/players/jean-louis-haillet/h041/overview,jean-louis-haillet,h041
1977.12.31,1977,12,31,161,161,,,21,0,0,/en/players/jan-norback/n047/overview,jan-norback,n047
1977.12.31,1977,12,31,162,162,,,26,0,0,/en/players/mike-machette/m132/overview,mike-machette,m132
1977.12.31,1977,12,31,163,163,,,25,0,0,/en/players/rolf-norberg/n048/overview,rolf-norberg,n048
1977.12.31,1977,12,31,164,164,,,30,0,0,/en/players/ramiro-benavides/b034/overview,ramiro-benavides,b034
1977.12.31,1977,12,31,165,165,,,30,0,0,/en/players/armistead-neely/n043/overview,armistead-neely,n043
1977.12.31,1977,12,31,166,166,,,25,0,0,/en/players/alvaro-fillol/f025/overview,alvaro-fillol,f025
1977.12.31,1977,12,31,167,167,,,23,0,0,/en/players/john-whitlinger/w051/overview,john-whitlinger,w051
1977.12.31,1977,12,31,168,168,,,24,0,0,/en/players/henry-bunis/b135/overview,henry-bunis,b135
1977.12.31,1977,12,31,169,169,,,18,0,0,/en/players/van-winitsky/w027/overview,van-winitsky,w027
1977.12.31,1977,12,31,170,170,,,23,0,0,/en/players/paul-kronk/k073/overview,paul-kronk,k073
1977.12.31,1977,12,31,171,171,,,26,0,0,/en/players/alvin-gardiner/g070/overview,alvin-gardiner,g070
1977.12.31,1977,12,31,172,172,,,24,0,0,/en/players/emilio-montano/m153/overview,emilio-montano,m153
1977.12.31,1977,12,31,173,173,,,19,0,0,/en/players/jai-dilouie/d077/overview,jai-dilouie,d077
1977.12.31,1977,12,31,173,173,,,25,0,0,/en/players/rod-frawley/f039/overview,rod-frawley,f039
1977.12.31,1977,12,31,173,173,,,,0,0,/en/players/douglas-palm/p150/overview,douglas-palm,p150
1977.12.31,1977,12,31,173,173,,,25,0,0,/en/players/tenny-svensson/s149/overview,tenny-svensson,s149
1977.12.31,1977,12,31,173,173,,,21,0,0,/en/players/ferdi-taygan/t037/overview,ferdi-taygan,t037
1977.12.31,1977,12,31,173,173,,,24,0,0,/en/players/michael-wayman/w010/overview,michael-wayman,w010
1977.12.31,1977,12,31,179,179,,,25,0,0,/en/players/sashi-menon/m058/overview,sashi-menon,m058
1977.12.31,1977,12,31,180,180,,,29,0,0,/en/players/bill-lofgren/l065/overview,bill-lofgren,l065
1977.12.31,1977,12,31,181,181,,,18,0,0,/en/players/charlie-fancutt/f002/overview,charlie-fancutt,f002
1977.12.31,1977,12,31,181,181,,,22,0,0,/en/players/peter-mcnamara/m051/overview,peter-mcnamara,m051
1977.12.31,1977,12,31,183,183,,,25,0,0,/en/players/john-marks/m136/overview,john-marks,m136
1977.12.31,1977,12,31,184,184,,,26,0,0,/en/players/peter-feigl/f011/overview,peter-feigl,f011
1977.12.31,1977,12,31,184,184,,,25,0,0,/en/players/rejean-genois/g072/overview,rejean-genois,g072
1977.12.31,1977,12,31,186,186,,,22,0,0,/en/players/david-schneider/s115/overview,david-schneider,s115
1977.12.31,1977,12,31,187,187,,,19,0,0,/en/players/brad-drewett/d040/overview,brad-drewett,d040
1977.12.31,1977,12,31,188,188,,,26,0,0,/en/players/jorge-andrew/a061/overview,jorge-andrew,a061
1977.12.31,1977,12,31,189,189,,,24,0,0,/en/players/bernard-fritz/f045/overview,bernard-fritz,f045
1977.12.31,1977,12,31,189,189,,,38,0,0,/en/players/jaime-pinto-bravo/p067/overview,jaime-pinto-bravo,p067
1977.12.31,1977,12,31,191,191,,,30,0,0,/en/players/jairo-velasco%20sr/v294/overview,jairo-velasco%20sr,v294
1977.12.31,1977,12,31,192,192,,,22,0,0,/en/players/jonathan-smith/s059/overview,jonathan-smith,s059
1977.12.31,1977,12,31,193,193,,,22,0,0,/en/players/peter-pearson/p075/overview,peter-pearson,p075
1977.12.31,1977,12,31,194,194,,,20,0,0,/en/players/christophe-casa/c073/overview,christophe-casa,c073
1977.12.31,1977,12,31,194,194,,,24,0,0,/en/players/roger-guedes/g046/overview,roger-guedes,g046
1977.12.31,1977,12,31,196,196,,,30,0,0,/en/players/pat-cramer/c091/overview,pat-cramer,c091
1977.12.31,1977,12,31,196,196,,,20,0,0,/en/players/matt-mitchell/m071/overview,matt-mitchell,m071
1977.12.31,1977,12,31,198,198,,,28,0,0,/en/players/doug-crawford/c053/overview,doug-crawford,c053
1977.12.31,1977,12,31,199,199,,,33,0,0,/en/players/frantisek-pala/p100/overview,frantisek-pala,p100
1977.12.31,1977,12,31,200,200,,,24,0,0,/en/players/james%20chico-hagey/h054/overview,james%20chico-hagey,h054
1977.12.31,1977,12,31,201,201,,,26,0,0,/en/players/birger-andersson/a086/overview,birger-andersson,a086
1977.12.31,1977,12,31,201,201,,,20,0,0,/en/players/john-austin/a053/overview,john-austin,a053
1977.12.31,1977,12,31,201,201,,,32,0,0,/en/players/jun-kuki/k054/overview,jun-kuki,k054
1977.12.31,1977,12,31,201,201,,,,0,0,/en/players/jacek-niedzwiedzki/n083/overview,jacek-niedzwiedzki,n083
1977.12.31,1977,12,31,201,201,,,20,0,0,/en/players/howard-schoenfield/s137/overview,howard-schoenfield,s137
1977.12.31,1977,12,31,201,201,,,23,0,0,/en/players/gerard-toulon/t077/overview,gerard-toulon,t077
1977.12.31,1977,12,31,207,207,,,27,0,0,/en/players/george-amaya/a058/overview,george-amaya,a058
1977.12.31,1977,12,31,207,207,,,27,0,0,/en/players/syd-ball/b106/overview,syd-ball,b106
1977.12.31,1977,12,31,207,207,,,,0,0,/en/players/joe-meyers/m173/overview,joe-meyers,m173
1977.12.31,1977,12,31,210,210,,,20,0,0,/en/players/dominique-bedel/b030/overview,dominique-bedel,b030
1977.12.31,1977,12,31,210,210,,,22,0,0,/en/players/dale-collings/c085/overview,dale-collings,c085
1977.12.31,1977,12,31,212,212,,,28,0,0,/en/players/mike-estep/e040/overview,mike-estep,e040
1977.12.31,1977,12,31,212,212,,,22,0,0,/en/players/francisco-gonzalez/g024/overview,francisco-gonzalez,g024
1977.12.31,1977,12,31,212,212,,,20,0,0,/en/players/gianni-ocleppo/o004/overview,gianni-ocleppo,o004
1977.12.31,1977,12,31,212,212,,,26,0,0,/en/players/grover%20raz-reid/r068/overview,grover%20raz-reid,r068
1977.12.31,1977,12,31,212,212,,,17,0,0,/en/players/robbie-venter/v022/overview,robbie-venter,v022
1977.12.31,1977,12,31,217,217,,,19,0,0,/en/players/chris-dunk/d045/overview,chris-dunk,d045
1977.12.31,1977,12,31,217,217,,,18,0,0,/en/players/larry-gottfried/g161/overview,larry-gottfried,g161
1977.12.31,1977,12,31,220,220,,,37,0,0,/en/players/bob%20-carmichael/c080/overview,bob%20-carmichael,c080
1977.12.31,1977,12,31,221,221,,,29,0,0,/en/players/john-bartlett/b123/overview,john-bartlett,b123
1977.12.31,1977,12,31,221,221,,,18,0,0,/en/players/heinz-gunthardt/g050/overview,heinz-gunthardt,g050
1977.12.31,1977,12,31,221,221,,,20,0,0,/en/players/glenn-petrovic/p076/overview,glenn-petrovic,p076
1977.12.31,1977,12,31,221,221,,,28,0,0,/en/players/alejandro-pierola/p030/overview,alejandro-pierola,p030
1977.12.31,1977,12,31,221,221,,,31,0,0,/en/players/steven-turner/t053/overview,steven-turner,t053
1977.12.31,1977,12,31,226,226,,,28,0,0,/en/players/lars-elvstrom/e039/overview,lars-elvstrom,e039
1977.12.31,1977,12,31,226,226,,,,0,0,/en/players/teimuraz-kakoulia/k105/overview,teimuraz-kakoulia,k105
1977.12.31,1977,12,31,226,226,,,20,0,0,/en/players/warren-maher/m133/overview,warren-maher,m133
1977.12.31,1977,12,31,226,226,,,21,0,0,/en/players/ulrich-marten/m137/overview,ulrich-marten,m137
1977.12.31,1977,12,31,226,226,,,19,0,0,/en/players/gilles-moretton/m119/overview,gilles-moretton,m119
1977.12.31,1977,12,31,226,226,,,22,0,0,/en/players/pavel-slozil/s056/overview,pavel-slozil,s056
1977.12.31,1977,12,31,232,232,,,24,0,0,/en/players/scott-carnahan/c081/overview,scott-carnahan,c081
1977.12.31,1977,12,31,232,232,,,22,0,0,/en/players/hubertus-hoyt/h065/overview,hubertus-hoyt,h065
1977.12.31,1977,12,31,232,232,,,,0,0,/en/players/jose%20a.-moreno/m088/overview,jose%20a.-moreno,m088
1977.12.31,1977,12,31,232,232,,,22,0,0,/en/players/christopher-sylvan/s150/overview,christopher-sylvan,s150
1977.12.31,1977,12,31,236,236,,,,0,0,/en/players/janos-benyik/b202/overview,janos-benyik,b202
1977.12.31,1977,12,31,236,236,,,21,0,0,/en/players/stanislav-birner/b046/overview,stanislav-birner,b046
1977.12.31,1977,12,31,236,236,,,21,0,0,/en/players/david-carter/c072/overview,david-carter,c072
1977.12.31,1977,12,31,236,236,,,21,0,0,/en/players/bruce-foxworth/f038/overview,bruce-foxworth,f038
1977.12.31,1977,12,31,236,236,,,,0,0,/en/players/carlos-lando/l079/overview,carlos-lando,l079
1977.12.31,1977,12,31,236,236,,,27,0,0,/en/players/noel-phillips/p077/overview,noel-phillips,p077
1977.12.31,1977,12,31,242,242,,,26,0,0,/en/players/joel-bailey/b002/overview,joel-bailey,b002
1977.12.31,1977,12,31,242,242,,,21,0,0,/en/players/regis-brunet/b213/overview,regis-brunet,b213
1977.12.31,1977,12,31,242,242,,,28,0,0,/en/players/norman-holmes/h062/overview,norman-holmes,h062
1977.12.31,1977,12,31,242,242,,,30,0,0,/en/players/guillermo-oropez/o045/overview,guillermo-oropez,o045
1977.12.31,1977,12,31,242,242,,,20,0,0,/en/players/curt-stalder/s226/overview,curt-stalder,s226
1977.12.31,1977,12,31,247,247,,,26,0,0,/en/players/jeff-austin/a065/overview,jeff-austin,a065
1977.12.31,1977,12,31,247,247,,,36,0,0,/en/players/pierre-barthes/b122/overview,pierre-barthes,b122
1977.12.31,1977,12,31,247,247,,,,0,0,/en/players/graeme-thomson/t096/overview,graeme-thomson,t096
1977.12.31,1977,12,31,250,250,,,21,0,0,/en/players/eddie-edwards/e006/overview,eddie-edwards,e006
1977.12.31,1977,12,31,250,250,,,22,0,0,/en/players/herve-gauvain/g064/overview,herve-gauvain,g064
1977.12.31,1977,12,31,250,250,,,27,0,0,/en/players/paul-gerken/g073/overview,paul-gerken,g073
1977.12.31,1977,12,31,250,250,,,19,0,0,/en/players/fernando-luna/l043/overview,fernando-luna,l043
1977.12.31,1977,12,31,250,250,,,23,0,0,/en/players/gonzalo-nunez/n026/overview,gonzalo-nunez,n026
1977.12.31,1977,12,31,255,255,,,33,0,0,/en/players/szabolcz-baranyi/b233/overview,szabolcz-baranyi,b233
1977.12.31,1977,12,31,255,255,,,26,0,0,/en/players/welry-fritz/f057/overview,welry-fritz,f057
1977.12.31,1977,12,31,255,255,,,29,0,0,/en/players/david-lloyd/l083/overview,david-lloyd,l083
1977.12.31,1977,12,31,255,255,,,,0,0,/en/players/walter-redondo/r067/overview,walter-redondo,r067
1977.12.31,1977,12,31,255,255,,,26,0,0,/en/players/jan-simbera/s198/overview,jan-simbera,s198
1977.12.31,1977,12,31,255,255,,,20,0,0,/en/players/charles%20buzz-strode/s092/overview,charles%20buzz-strode,s092
1977.12.31,1977,12,31,255,255,,,20,0,0,/en/players/roberto-vizcaino/v035/overview,roberto-vizcaino,v035
1977.12.31,1977,12,31,263,263,,,20,0,0,/en/players/ashok-amritraj/a059/overview,ashok-amritraj,a059
1977.12.31,1977,12,31,263,263,,,,0,0,/en/players/john-antonas/a147/overview,john-antonas,a147
1977.12.31,1977,12,31,263,263,,,,0,0,/en/players/john-holladay/h140/overview,john-holladay,h140
1977.12.31,1977,12,31,263,263,,,32,0,0,/en/players/thomas-koch/k036/overview,thomas-koch,k036
1977.12.31,1977,12,31,263,263,,,29,0,0,/en/players/kenneth-mcmillan/m145/overview,kenneth-mcmillan,m145
1977.12.31,1977,12,31,263,263,,,30,0,0,/en/players/hans-jurgen-pohmann/p082/overview,hans-jurgen-pohmann,p082
1977.12.31,1977,12,31,263,263,,,22,0,0,/en/players/brad-rowe/r143/overview,brad-rowe,r143
1977.12.31,1977,12,31,263,263,,,,0,0,/en/players/george-rudman/r085/overview,george-rudman,r085
1977.12.31,1977,12,31,263,263,,,26,0,0,/en/players/rolf-thung/t051/overview,rolf-thung,t051
1977.12.31,1977,12,31,263,263,,,,0,0,/en/players/john-trickey/t078/overview,john-trickey,t078
1977.12.31,1977,12,31,273,273,,,20,0,0,/en/players/klaus-eberhard/e003/overview,klaus-eberhard,e003
1977.12.31,1977,12,31,273,273,,,,0,0,/en/players/ulf-eriksson/e072/overview,ulf-eriksson,e072
1977.12.31,1977,12,31,273,273,,,31,0,0,/en/players/julian-ganzabal/g068/overview,julian-ganzabal,g068
1977.12.31,1977,12,31,273,273,,,23,0,0,/en/players/bruce-kleege/k012/overview,bruce-kleege,k012
1977.12.31,1977,12,31,273,273,,,,0,0,/en/players/olle-palmer/p005/overview,olle-palmer,p005
1977.12.31,1977,12,31,278,278,,,,0,0,/en/players/orlando-agudelo/a080/overview,orlando-agudelo,a080
1977.12.31,1977,12,31,278,278,,,19,0,0,/en/players/jose-luis-clerc/c039/overview,jose-luis-clerc,c039
1977.12.31,1977,12,31,278,278,,,23,0,0,/en/players/ernie-ewert/e066/overview,ernie-ewert,e066
1977.12.31,1977,12,31,278,278,,,,0,0,/en/players/carlos-gomez/g090/overview,carlos-gomez,g090
1977.12.31,1977,12,31,278,278,,,19,0,0,/en/players/johan-kriek/k022/overview,johan-kriek,k022
1977.12.31,1977,12,31,278,278,,,29,0,0,/en/players/bernard-mignot/m151/overview,bernard-mignot,m151
1977.12.31,1977,12,31,278,278,,,,0,0,/en/players/jaidip-mukerjea/m272/overview,jaidip-mukerjea,m272
1977.12.31,1977,12,31,278,278,,,,0,0,/en/players/juan%20ignacio-muntanola/m157/overview,juan%20ignacio-muntanola,m157
1977.12.31,1977,12,31,287,287,,,27,0,0,/en/players/peter-campbell/c079/overview,peter-campbell,c079
1977.12.31,1977,12,31,287,287,,,24,0,0,/en/players/mark-farrell/f067/overview,mark-farrell,f067
1977.12.31,1977,12,31,287,287,,,19,0,0,/en/players/tony-giammalva/g011/overview,tony-giammalva,g011
1977.12.31,1977,12,31,287,287,,,19,0,0,/en/players/andrew-jarrett/j030/overview,andrew-jarrett,j030
1977.12.31,1977,12,31,287,287,,,20,0,0,/en/players/chris-mayotte/m141/overview,chris-mayotte,m141
1977.12.31,1977,12,31,287,287,,,27,0,0,/en/players/george-taylor/t088/overview,george-taylor,t088
1977.12.31,1977,12,31,294,294,,,42,0,0,/en/players/mal-anderson/a060/overview,mal-anderson,a060
1977.12.31,1977,12,31,294,294,,,21,0,0,/en/players/mansour-bahrami/b001/overview,mansour-bahrami,b001
1977.12.31,1977,12,31,294,294,,,,0,0,/en/players/massimo-di%20domenico/d137/overview,massimo-di%20domenico,d137
1977.12.31,1977,12,31,294,294,,,36,0,0,/en/players/harald-elschenbroich/e037/overview,harald-elschenbroich,e037
1977.12.31,1977,12,31,294,294,,,22,0,0,/en/players/michael-greenberg/g083/overview,michael-greenberg,g083
1977.12.31,1977,12,31,294,294,,,19,0,0,/en/players/jan-kallquist/k069/overview,jan-kallquist,k069
1977.12.31,1977,12,31,294,294,,,,0,0,/en/players/dale-ogden/o057/overview,dale-ogden,o057
1977.12.31,1977,12,31,294,294,,,35,0,0,/en/players/dennis-ralston/r064/overview,dennis-ralston,r064
1977.12.31,1977,12,31,294,294,,,,0,0,/en/players/ionel-santeiu/s254/overview,ionel-santeiu,s254
1977.12.31,1977,12,31,294,294,,,,0,0,/en/players/matt-wooldridge/w071/overview,matt-wooldridge,w071
1977.12.31,1977,12,31,305,305,,,,0,0,/en/players/vadim-borisov/b061/overview,vadim-borisov,b061
1977.12.31,1977,12,31,305,305,,,,0,0,/en/players/greg-braun/b184/overview,greg-braun,b184
1977.12.31,1977,12,31,305,305,,,,0,0,/en/players/enrique-caviglia/c145/overview,enrique-caviglia,c145
1977.12.31,1977,12,31,305,305,,,,0,0,/en/players/tim-clements/c163/overview,tim-clements,c163
1977.12.31,1977,12,31,305,305,,,30,0,0,/en/players/jun-kamiwazumi/k002/overview,jun-kamiwazumi,k002
1977.12.31,1977,12,31,305,305,,,28,0,0,/en/players/nicolas-kelaidis/k046/overview,nicolas-kelaidis,k046
1977.12.31,1977,12,31,305,305,,,25,0,0,/en/players/lajos-levai/l052/overview,lajos-levai,l052
1977.12.31,1977,12,31,305,305,,,21,0,0,/en/players/bill-maze/m122/overview,bill-maze,m122
1977.12.31,1977,12,31,305,305,,,,0,0,/en/players/stephen-myers/m180/overview,stephen-myers,m180
1977.12.31,1977,12,31,305,305,,,25,0,0,/en/players/denis-naegelen/n042/overview,denis-naegelen,n042
1977.12.31,1977,12,31,305,305,,,17,0,0,/en/players/yannick-noah/n022/overview,yannick-noah,n022
1977.12.31,1977,12,31,305,305,,,23,0,0,/en/players/david-parker/p197/overview,david-parker,p197
1977.12.31,1977,12,31,305,305,,,22,0,0,/en/players/jiri-prucha/p097/overview,jiri-prucha,p097
1977.12.31,1977,12,31,305,305,,,29,0,0,/en/players/jasjit-singh/s142/overview,jasjit-singh,s142
1977.12.31,1977,12,31,305,305,,,19,0,0,/en/players/peter-smylie/s145/overview,peter-smylie,s145
1977.12.31,1977,12,31,305,305,,,39,0,0,/en/players/fred-stolle/s129/overview,fred-stolle,s129
1977.12.31,1977,12,31,305,305,,,7,0,0,/en/players/chris-wilkinson/w150/overview,chris-wilkinson,w150
1977.12.31,1977,12,31,323,323,,,35,0,0,/en/players/jean-claude-barclay/b119/overview,jean-claude-barclay,b119
1977.12.31,1977,12,31,323,323,,,,0,0,/en/players/dicky-browne/b186/overview,dicky-browne,b186
1977.12.31,1977,12,31,323,323,,,,0,0,/en/players/anthony-fawcett/f100/overview,anthony-fawcett,f100
1977.12.31,1977,12,31,323,323,,,14,0,0,/en/players/tom-fontana/f083/overview,tom-fontana,f083
1977.12.31,1977,12,31,323,323,,,21,0,0,/en/players/miguel-mir/m123/overview,miguel-mir,m123
1977.12.31,1977,12,31,323,323,,,28,0,0,/en/players/dale-power/p044/overview,dale-power,p044
1977.12.31,1977,12,31,323,323,,,20,0,0,/en/players/reinhart-probst/p121/overview,reinhart-probst,p121
1977.12.31,1977,12,31,323,323,,,,0,0,/en/players/gordon-simmonds/s122/overview,gordon-simmonds,s122
1977.12.31,1977,12,31,332,332,,,21,0,0,/en/players/mike-barr/b013/overview,mike-barr,b013
1977.12.31,1977,12,31,332,332,,,18,0,0,/en/players/rory-chappell/c084/overview,rory-chappell,c084
1977.12.31,1977,12,31,332,332,,,,0,0,/en/players/marco-consolini/c167/overview,marco-consolini,c167
1977.12.31,1977,12,31,332,332,,,23,0,0,/en/players/victor-eke/e071/overview,victor-eke,e071
1977.12.31,1977,12,31,332,332,,,,0,0,/en/players/aly-el%20dawoudi/e051/overview,aly-el%20dawoudi,e051
1977.12.31,1977,12,31,332,332,,,,0,0,/en/players/vincenzo-franchitti/f103/overview,vincenzo-franchitti,f103
1977.12.31,1977,12,31,332,332,,,22,0,0,/en/players/angel-gimenez/g017/overview,angel-gimenez,g017
1977.12.31,1977,12,31,332,332,,,21,0,0,/en/players/tony-graham/g080/overview,tony-graham,g080
1977.12.31,1977,12,31,332,332,,,27,0,0,/en/players/kenichi-hirai/h023/overview,kenichi-hirai,h023
1977.12.31,1977,12,31,332,332,,,,0,0,/en/players/gordon-jones/j053/overview,gordon-jones,j053
1977.12.31,1977,12,31,332,332,,,,0,0,/en/players/peter-langsford/l124/overview,peter-langsford,l124
1977.12.31,1977,12,31,332,332,,,,0,0,/en/players/robert-machan/m194/overview,robert-machan,m194
1977.12.31,1977,12,31,332,332,,,29,0,0,/en/players/gene%20stuart-malin/m134/overview,gene%20stuart-malin,m134
1977.12.31,1977,12,31,332,332,,,26,0,0,/en/players/dean-martin/m290/overview,dean-martin,m290
1977.12.31,1977,12,31,332,332,,,37,0,0,/en/players/jim-mcmanus/m144/overview,jim-mcmanus,m144
1977.12.31,1977,12,31,332,332,,,24,0,0,/en/players/mark-meyers/m149/overview,mark-meyers,m149
1977.12.31,1977,12,31,332,332,,,,0,0,/en/players/johnny-muller/m354/overview,johnny-muller,m354
1977.12.31,1977,12,31,332,332,,,22,0,0,/en/players/bruce-nichols/n060/overview,bruce-nichols,n060
1977.12.31,1977,12,31,332,332,,,23,0,0,/en/players/bhanu-nunna/n050/overview,bhanu-nunna,n050
1977.12.31,1977,12,31,332,332,,,41,0,0,/en/players/alejandro-olmedo/o042/overview,alejandro-olmedo,o042
1977.12.31,1977,12,31,332,332,,,21,0,0,/en/players/leo-palin/p003/overview,leo-palin,p003
1977.12.31,1977,12,31,332,332,,,22,0,0,/en/players/wayne-pascoe/p073/overview,wayne-pascoe,p073
1977.12.31,1977,12,31,332,332,,,27,0,0,/en/players/mike-powers/p083/overview,mike-powers,p083
1977.12.31,1977,12,31,332,332,,,22,0,0,/en/players/martin-robinson/r031/overview,martin-robinson,r031
1977.12.31,1977,12,31,332,332,,,8,0,0,/en/players/fabio-silberberg/s352/overview,fabio-silberberg,s352
1977.12.31,1977,12,31,332,332,,,17,0,0,/en/players/stefan-simonsson/s051/overview,stefan-simonsson,s051
1977.12.31,1977,12,31,332,332,,,30,0,0,/en/players/peter-szoke/s230/overview,peter-szoke,s230
1977.12.31,1977,12,31,332,332,,,28,0,0,/en/players/larry-turville/t102/overview,larry-turville,t102
1977.12.31,1977,12,31,332,332,,,20,0,0,/en/players/jerome-vanier/v007/overview,jerome-vanier,v007
1977.12.31,1977,12,31,332,332,,,28,0,0,/en/players/modesto%20tito-vazquez/v051/overview,modesto%20tito-vazquez,v051
1977.12.31,1977,12,31,365,365,,,23,0,0,/en/players/bernard-balleret/b004/overview,bernard-balleret,b004
1977.12.31,1977,12,31,365,365,,,33,0,0,/en/players/patrice-beust/b229/overview,patrice-beust,b229
1977.12.31,1977,12,31,365,365,,,,0,0,/en/players/luis-borfiga/b060/overview,luis-borfiga,b060
1977.12.31,1977,12,31,365,365,,,,0,0,/en/players/jack-bushman/b240/overview,jack-bushman,b240
1977.12.31,1977,12,31,365,365,,,,0,0,/en/players/roberto-chavez/c146/overview,roberto-chavez,c146
1977.12.31,1977,12,31,365,365,,,,0,0,/en/players/tyler-corse/c069/overview,tyler-corse,c069
1977.12.31,1977,12,31,365,365,,,30,0,0,/en/players/dick-dell/d073/overview,dick-dell,d073
1977.12.31,1977,12,31,365,365,,,,0,0,/en/players/luis-carlos-enck/e074/overview,luis-carlos-enck,e074
1977.12.31,1977,12,31,365,365,,,20,0,0,/en/players/lorenzo-fargas/f005/overview,lorenzo-fargas,f005
1977.12.31,1977,12,31,365,365,,,25,0,0,/en/players/joe-garcia/g157/overview,joe-garcia,g157
1977.12.31,1977,12,31,365,365,,,,0,0,/en/players/hans-goransson/g189/overview,hans-goransson,g189
1977.12.31,1977,12,31,365,365,,,,0,0,/en/players/bob-hansen/h146/overview,bob-hansen,h146
1977.12.31,1977,12,31,365,365,,,,0,0,/en/players/dimitru-haradau/h006/overview,dimitru-haradau,h006
1977.12.31,1977,12,31,365,365,,,,0,0,/en/players/richard-hawkes/h174/overview,richard-hawkes,h174
1977.12.31,1977,12,31,365,365,,,,0,0,/en/players/juan-herrera/h180/overview,juan-herrera,h180
1977.12.31,1977,12,31,365,365,,,,0,0,/en/players/brenton-higgins/h197/overview,brenton-higgins,h197
1977.12.31,1977,12,31,365,365,,,,0,0,/en/players/noel-jensen/j062/overview,noel-jensen,j062
1977.12.31,1977,12,31,365,365,,,,0,0,/en/players/ray-kelly/k086/overview,ray-kelly,k086
1977.12.31,1977,12,31,365,365,,,,0,0,/en/players/terje-larsen/l157/overview,terje-larsen,l157
1977.12.31,1977,12,31,365,365,,,,0,0,/en/players/john%20chris-lewis/l063/overview,john%20chris-lewis,l063
1977.12.31,1977,12,31,365,365,,,,0,0,/en/players/trevor-little/l138/overview,trevor-little,l138
1977.12.31,1977,12,31,365,365,,,,0,0,/en/players/roberto-lombardi/l092/overview,roberto-lombardi,l092
1977.12.31,1977,12,31,365,365,,,,0,0,/en/players/christoph-meyer/m062/overview,christoph-meyer,m062
1977.12.31,1977,12,31,365,365,,,,0,0,/en/players/tom-mott/m288/overview,tom-mott,m288
1977.12.31,1977,12,31,365,365,,,24,0,0,/en/players/mike-myburg/m124/overview,mike-myburg,m124
1977.12.31,1977,12,31,365,365,,,25,0,0,/en/players/timothy-noonan/n046/overview,timothy-noonan,n046
1977.12.31,1977,12,31,365,365,,,,0,0,/en/players/jean-pierre-olivier/o070/overview,jean-pierre-olivier,o070
1977.12.31,1977,12,31,365,365,,,,0,0,/en/players/jan-eric-palm/p127/overview,jan-eric-palm,p127
1977.12.31,1977,12,31,365,365,,,,0,0,/en/players/gregor-paul/p144/overview,gregor-paul,p144
1977.12.31,1977,12,31,365,365,,,,0,0,/en/players/john-peckskamp/p182/overview,john-peckskamp,p182
1977.12.31,1977,12,31,365,365,,,18,0,0,/en/players/pascal-portes/p042/overview,pascal-portes,p042
1977.12.31,1977,12,31,365,365,,,,0,0,/en/players/bruno-renoult/r061/overview,bruno-renoult,r061
1977.12.31,1977,12,31,365,365,,,,0,0,/en/players/javier-restrepo/r062/overview,javier-restrepo,r062
1977.12.31,1977,12,31,365,365,,,,0,0,/en/players/jay-royappa/r084/overview,jay-royappa,r084
1977.12.31,1977,12,31,365,365,,,39,0,0,/en/players/manuel-santana/s245/overview,manuel-santana,s245
1977.12.31,1977,12,31,365,365,,,20,0,0,/en/players/mike-shore/s140/overview,mike-shore,s140
1977.12.31,1977,12,31,365,365,,,26,0,0,/en/players/joao-soares/s062/overview,joao-soares,s062
1977.12.31,1977,12,31,365,365,,,22,0,0,/en/players/sean-sorensen/s067/overview,sean-sorensen,s067
1977.12.31,1977,12,31,365,365,,,,0,0,/en/players/roland-steigler/s255/overview,roland-steigler,s255
1977.12.31,1977,12,31,365,365,,,39,0,0,/en/players/dimitri-sturdza/s241/overview,dimitri-sturdza,s241
1977.12.31,1977,12,31,365,365,,,29,0,0,/en/players/kiyoski-tanabe/t062/overview,kiyoski-tanabe,t062
1977.12.31,1977,12,31,365,365,,,25,0,0,/en/players/jacques-thamin/t099/overview,jacques-thamin,t099
1977.12.31,1977,12,31,365,365,,,24,0,0,/en/players/ernesto-vazquez-barreira/v017/overview,ernesto-vazquez-barreira,v017
1977.12.31,1977,12,31,365,365,,,23,0,0,/en/players/sam-vuille/v076/overview,sam-vuille,v076
1977.12.31,1977,12,31,365,365,,,14,0,0,/en/players/peter-wright/w039/overview,peter-wright,w039
1977.12.31,1977,12,31,365,365,,,6,0,0,/en/players/yasufumi-yamamoto/y011/overview,yasufumi-yamamoto,y011
1977.12.31,1977,12,31,414,414,,,,0,0,/en/players/mohammad%20hossein-akbari/a122/overview,mohammad%20hossein-akbari,a122
1977.12.31,1977,12,31,414,414,,,,0,0,/en/players/aniceto-alvarez/a043/overview,aniceto-alvarez,a043
1977.12.31,1977,12,31,414,414,,,23,0,0,/en/players/guillermo-aubone/a064/overview,guillermo-aubone,a064
1977.12.31,1977,12,31,414,414,,,26,0,0,/en/players/luis-baraldi/b009/overview,luis-baraldi,b009
1977.12.31,1977,12,31,414,414,,,22,0,0,/en/players/helmut-beermann/b031/overview,helmut-beermann,b031
1977.12.31,1977,12,31,414,414,,,21,0,0,/en/players/robert-bettauer/b189/overview,robert-bettauer,b189
1977.12.31,1977,12,31,414,414,,,20,0,0,/en/players/rohun-beven/b204/overview,rohun-beven,b204
1977.12.31,1977,12,31,414,414,,,19,0,0,/en/players/chris-bradnam/b099/overview,chris-bradnam,b099
1977.12.31,1977,12,31,414,414,,,32,0,0,/en/players/william-brown/b134/overview,william-brown,b134
1977.12.31,1977,12,31,414,414,,,17,0,0,/en/players/mark-buckley/b078/overview,mark-buckley,b078
1977.12.31,1977,12,31,414,414,,,,0,0,/en/players/salvador-cabeza/c281/overview,salvador-cabeza,c281
1977.12.31,1977,12,31,414,414,,,,0,0,/en/players/noel-callaghan/c131/overview,noel-callaghan,c131
1977.12.31,1977,12,31,414,414,,,,0,0,/en/players/jose-castanon/c189/overview,jose-castanon,c189
1977.12.31,1977,12,31,414,414,,,20,0,0,/en/players/alan-chandronnait/c135/overview,alan-chandronnait,c135
1977.12.31,1977,12,31,414,414,,,,0,0,/en/players/p.-clark/c149/overview,p.-clark,c149
1977.12.31,1977,12,31,414,414,,,,0,0,/en/players/brad-coleman/c166/overview,brad-coleman,c166
1977.12.31,1977,12,31,414,414,,,,0,0,/en/players/john-eagleton/e073/overview,john-eagleton,e073
1977.12.31,1977,12,31,414,414,,,22,0,0,/en/players/craig-edwards/e036/overview,craig-edwards,e036
1977.12.31,1977,12,31,414,414,,,10,0,0,/en/players/chris-ellis/e090/overview,chris-ellis,e090
1977.12.31,1977,12,31,414,414,,,30,0,0,/en/players/peter-fishbach/f116/overview,peter-fishbach,f116
1977.12.31,1977,12,31,414,414,,,20,0,0,/en/players/tsuyoshi-fukui/f048/overview,tsuyoshi-fukui,f048
1977.12.31,1977,12,31,414,414,,,21,0,0,/en/players/carlos-gattiker/g005/overview,carlos-gattiker,g005
1977.12.31,1977,12,31,414,414,,,,0,0,/en/players/john-geraghty/g121/overview,john-geraghty,g121
1977.12.31,1977,12,31,414,414,,,21,0,0,/en/players/gunther-gnettner/g088/overview,gunther-gnettner,g088
1977.12.31,1977,12,31,414,414,,,,0,0,/en/players/adolfo-gonzalez/g141/overview,adolfo-gonzalez,g141
1977.12.31,1977,12,31,414,414,,,,0,0,/en/players/eduardo-gorostiaga/g186/overview,eduardo-gorostiaga,g186
1977.12.31,1977,12,31,414,414,,,21,0,0,/en/players/michael-grant/g081/overview,michael-grant,g081
1977.12.31,1977,12,31,414,414,,,29,0,0,/en/players/patrice-hagelauer/h101/overview,patrice-hagelauer,h101
1977.12.31,1977,12,31,414,414,,,,0,0,/en/players/lawrence-hall/h048/overview,lawrence-hall,h048
1977.12.31,1977,12,31,414,414,,,,0,0,/en/players/per-hegna/h081/overview,per-hegna,h081
1977.12.31,1977,12,31,414,414,,,17,0,0,/en/players/per-hjertquist/h024/overview,per-hjertquist,h024
1977.12.31,1977,12,31,414,414,,,23,0,0,/en/players/glen-holroyd/h063/overview,glen-holroyd,h063
1977.12.31,1977,12,31,414,414,,,31,0,0,/en/players/patrick-hombergen/h127/overview,patrick-hombergen,h127
1977.12.31,1977,12,31,414,414,,,30,0,0,/en/players/humphrey-hose/h064/overview,humphrey-hose,h064
1977.12.31,1977,12,31,414,414,,,29,0,0,/en/players/petr-kanderal/k113/overview,petr-kanderal,k113
1977.12.31,1977,12,31,414,414,,,,0,0,/en/players/christopher-kaskow/k121/overview,christopher-kaskow,k121
1977.12.31,1977,12,31,414,414,,,16,0,0,/en/players/ramesh-krishnan/k024/overview,ramesh-krishnan,k024
1977.12.31,1977,12,31,414,414,,,,0,0,/en/players/jose-llamas/l034/overview,jose-llamas,l034
1977.12.31,1977,12,31,414,414,,,,0,0,/en/players/vittorio-magnelli/m101/overview,vittorio-magnelli,m101
1977.12.31,1977,12,31,414,414,,,,0,0,/en/players/paul-mammassis/m161/overview,paul-mammassis,m161
1977.12.31,1977,12,31,414,414,,,36,0,0,/en/players/jose%20edison-mandarino/m135/overview,jose%20edison-mandarino,m135
1977.12.31,1977,12,31,414,414,,,,0,0,/en/players/alexander-marcial/m258/overview,alexander-marcial,m258
1977.12.31,1977,12,31,414,414,,,,0,0,/en/players/francisco-mastelli/m121/overview,francisco-mastelli,m121
1977.12.31,1977,12,31,414,414,,,,0,0,/en/players/flavio-mazzocchi/m308/overview,flavio-mazzocchi,m308
1977.12.31,1977,12,31,414,414,,,20,0,0,/en/players/famiano-meneschincheri/m147/overview,famiano-meneschincheri,m147
1977.12.31,1977,12,31,414,414,,,,0,0,/en/players/steve-mott/m250/overview,steve-mott,m250
1977.12.31,1977,12,31,414,414,,,64,0,0,/en/players/gardnar-mulloy/m273/overview,gardnar-mulloy,m273
1977.12.31,1977,12,31,414,414,,,19,0,0,/en/players/nduka-odizor/o006/overview,nduka-odizor,o006
1977.12.31,1977,12,31,414,414,,,,0,0,/en/players/raimo-ojala/o041/overview,raimo-ojala,o041
1977.12.31,1977,12,31,414,414,,,,0,0,/en/players/stefan-olsson/o043/overview,stefan-olsson,o043
1977.12.31,1977,12,31,414,414,,,,0,0,/en/players/raymond-pascale/p159/overview,raymond-pascale,p159
1977.12.31,1977,12,31,414,414,,,20,0,0,/en/players/john-picken/p079/overview,john-picken,p079
1977.12.31,1977,12,31,414,414,,,22,0,0,/en/players/gary-plock/p134/overview,gary-plock,p134
1977.12.31,1977,12,31,414,414,,,,0,0,/en/players/romeo-rafon/r115/overview,romeo-rafon,r115
1977.12.31,1977,12,31,414,414,,,,0,0,/en/players/graziano-risi/r147/overview,graziano-risi,r147
1977.12.31,1977,12,31,414,414,,,,0,0,/en/players/rafael-ruiz/r209/overview,rafael-ruiz,r209
1977.12.31,1977,12,31,414,414,,,,0,0,/en/players/gene-russo/r155/overview,gene-russo,r155
1977.12.31,1977,12,31,414,414,,,35,0,0,/en/players/terry-ryan/r078/overview,terry-ryan,r078
1977.12.31,1977,12,31,414,414,,,21,0,0,/en/players/john-sadri/s005/overview,john-sadri,s005
1977.12.31,1977,12,31,414,414,,,,0,0,/en/players/dragan-savic/s152/overview,dragan-savic,s152
1977.12.31,1977,12,31,414,414,,,13,0,0,/en/players/peter-smith/s343/overview,peter-smith,s343
1977.12.31,1977,12,31,414,414,,,,0,0,/en/players/matti-timonen/t022/overview,matti-timonen,t022
1977.12.31,1977,12,31,414,414,,,,0,0,/en/players/jorge-todero/t059/overview,jorge-todero,t059
1977.12.31,1977,12,31,414,414,,,,0,0,/en/players/bobby-webb/w077/overview,bobby-webb,w077
1977.11.01,1977,11,1,8,8,2,up,26,0,0,/en/players/dick-stockton/s090/overview,dick-stockton,s090
1977.08.30,1977,8,30,1,1,1,up,24,0,0,/en/players/jimmy-connors/c044/overview,jimmy-connors,c044
1977.08.30,1977,8,30,2,2,1,down,21,0,0,/en/players/bjorn-borg/b058/overview,bjorn-borg,b058
1977.08.30,1977,8,30,3,3,,,25,0,0,/en/players/brian-gottfried/g029/overview,brian-gottfried,g029
1977.08.30,1977,8,30,4,4,,,25,0,0,/en/players/guillermo-vilas/v028/overview,guillermo-vilas,v028
1977.08.30,1977,8,30,5,5,,,28,0,0,/en/players/manuel-orantes/o017/overview,manuel-orantes,o017
1977.08.30,1977,8,30,6,6,2,up,23,0,0,/en/players/vitas-gerulaitis/g008/overview,vitas-gerulaitis,g008
1977.08.30,1977,8,30,7,7,1,down,24,0,0,/en/players/raul-ramirez/r065/overview,raul-ramirez,r065
1977.08.30,1977,8,30,8,8,1,down,31,0,0,/en/players/ilie-nastase/n008/overview,ilie-nastase,n008
1977.08.30,1977,8,30,9,9,,,26,0,0,/en/players/eddie-dibbs/d026/overview,eddie-dibbs,d026
1977.08.30,1977,8,30,10,10,,,26,0,0,/en/players/dick-stockton/s090/overview,dick-stockton,s090
1977.08.30,1977,8,30,11,11,,,25,0,0,/en/players/roscoe-tanner/t006/overview,roscoe-tanner,t006
1977.08.30,1977,8,30,12,12,,,24,0,0,/en/players/harold-solomon/s065/overview,harold-solomon,s065
1977.08.30,1977,8,30,13,13,,,34,0,0,/en/players/mark-cox/c090/overview,mark-cox,c090
1977.08.30,1977,8,30,14,14,1,up,25,0,0,/en/players/wojtek-fibak/f020/overview,wojtek-fibak,f020
1977.08.30,1977,8,30,15,15,1,up,30,0,0,/en/players/stan-smith/s060/overview,stan-smith,s060
1977.08.30,1977,8,30,16,16,2,down,42,0,0,/en/players/ken-rosewall/r075/overview,ken-rosewall,r075
1977.08.30,1977,8,30,17,17,,,27,0,0,/en/players/phil-dent/d074/overview,phil-dent,d074
1977.08.30,1977,8,30,18,18,,,26,0,0,/en/players/john-alexander/a014/overview,john-alexander,a014
1977.08.30,1977,8,30,19,19,5,up,31,0,0,/en/players/jaime-fillol%20sr./f024/overview,jaime-fillol%20sr.,f024
1977.08.30,1977,8,30,20,20,2,up,27,0,0,/en/players/jeff-borowiak/b059/overview,jeff-borowiak,b059
1977.08.30,1977,8,30,21,21,2,down,34,0,0,/en/players/arthur-ashe/a063/overview,arthur-ashe,a063
1977.08.30,1977,8,30,22,22,1,down,32,0,0,/en/players/tony-roche/r073/overview,tony-roche,r073
1977.08.30,1977,8,30,23,23,3,down,27,0,0,/en/players/adriano-panatta/p059/overview,adriano-panatta,p059
1977.08.30,1977,8,30,24,24,1,down,24,0,0,/en/players/corrado-barazzutti/b007/overview,corrado-barazzutti,b007
1977.08.30,1977,8,30,25,25,,,30,0,0,/en/players/robert-lutz/l045/overview,robert-lutz,l045
1977.08.30,1977,8,30,26,26,,,25,0,0,/en/players/sandy-mayer/m039/overview,sandy-mayer,m039
1977.08.30,1977,8,30,27,27,,,36,0,0,/en/players/cliff-drysdale/d082/overview,cliff-drysdale,d082
1977.08.30,1977,8,30,28,28,,,26,0,0,/en/players/paolo-bertolucci/b129/overview,paolo-bertolucci,b129
1977.08.30,1977,8,30,29,29,1,up,18,0,0,/en/players/john-mcenroe/m047/overview,john-mcenroe,m047
1977.08.30,1977,8,30,30,30,1,down,22,0,0,/en/players/buster%20c.-mottram/m154/overview,buster%20c.-mottram,m154
1977.08.30,1977,8,30,31,31,,,33,0,0,/en/players/tom-okker/o032/overview,tom-okker,o032
1977.08.30,1977,8,30,32,32,,,31,0,0,/en/players/jan-kodes/k049/overview,jan-kodes,k049
1977.08.30,1977,8,30,33,33,,,27,0,0,/en/players/antonio-zugarelli/z013/overview,antonio-zugarelli,z013
1977.08.30,1977,8,30,34,34,,,23,0,0,/en/players/balazs-taroczy/t007/overview,balazs-taroczy,t007
1977.08.30,1977,8,30,35,35,1,up,24,0,0,/en/players/jose-higueras/h019/overview,jose-higueras,h019
1977.08.30,1977,8,30,36,36,1,down,30,0,0,/en/players/zeljko-franulovic/f074/overview,zeljko-franulovic,f074
1977.08.30,1977,8,30,37,37,,,20,0,0,/en/players/bill-scanlon/s017/overview,bill-scanlon,s017
1977.08.30,1977,8,30,38,38,,,25,0,0,/en/players/kim-warwick/w006/overview,kim-warwick,w006
1977.08.30,1977,8,30,39,39,1,up,32,0,0,/en/players/colin-dibley/d076/overview,colin-dibley,d076
1977.08.30,1977,8,30,40,40,1,down,23,0,0,/en/players/henry-pfister/p026/overview,henry-pfister,p026
1977.08.30,1977,8,30,41,41,,,35,0,0,/en/players/marty-riessen/r055/overview,marty-riessen,r055
1977.08.30,1977,8,30,42,42,1,up,21,0,0,/en/players/victor-pecci/p704/overview,victor-pecci,p704
1977.08.30,1977,8,30,43,43,1,down,32,0,0,/en/players/dick-crealy/c093/overview,dick-crealy,c093
1977.08.30,1977,8,30,44,44,,,27,0,0,/en/players/haroon-rahim/r063/overview,haroon-rahim,r063
1977.08.30,1977,8,30,45,45,2,up,31,0,0,/en/players/raymond-moore/m118/overview,raymond-moore,m118
1977.08.30,1977,8,30,46,46,,,25,0,0,/en/players/tim-gullikson/g048/overview,tim-gullikson,g048
1977.08.30,1977,8,30,47,47,,,29,0,0,/en/players/jurgen-fassbender/f068/overview,jurgen-fassbender,f068
1977.08.30,1977,8,30,48,48,3,down,21,0,0,/en/players/hans-gildemeister/g015/overview,hans-gildemeister,g015
1977.08.30,1977,8,30,49,49,,,26,0,0,/en/players/geoff-masters/m139/overview,geoff-masters,m139
1977.08.30,1977,8,30,50,50,1,down,30,0,0,/en/players/cliff-richey/r071/overview,cliff-richey,r071
1977.08.23,1977,8,23,1,1,,,21,0,0,/en/players/bjorn-borg/b058/overview,bjorn-borg,b058
1977.08.23,1977,8,23,2,2,,,24,0,0,/en/players/jimmy-connors/c044/overview,jimmy-connors,c044
1977.08.23,1977,8,23,3,3,,,25,0,0,/en/players/brian-gottfried/g029/overview,brian-gottfried,g029
1977.08.23,1977,8,23,4,4,,,25,0,0,/en/players/guillermo-vilas/v028/overview,guillermo-vilas,v028
1977.08.23,1977,8,23,5,5,,,28,0,0,/en/players/manuel-orantes/o017/overview,manuel-orantes,o017
1977.08.23,1977,8,23,6,6,,,24,0,0,/en/players/raul-ramirez/r065/overview,raul-ramirez,r065
1977.08.23,1977,8,23,7,7,,,31,0,0,/en/players/ilie-nastase/n008/overview,ilie-nastase,n008
1977.08.23,1977,8,23,8,8,,,23,0,0,/en/players/vitas-gerulaitis/g008/overview,vitas-gerulaitis,g008
1977.08.23,1977,8,23,9,9,,,26,0,0,/en/players/eddie-dibbs/d026/overview,eddie-dibbs,d026
1977.08.23,1977,8,23,10,10,,,26,0,0,/en/players/dick-stockton/s090/overview,dick-stockton,s090
1977.08.23,1977,8,23,11,11,,,25,0,0,/en/players/roscoe-tanner/t006/overview,roscoe-tanner,t006
1977.08.23,1977,8,23,12,12,,,24,0,0,/en/players/harold-solomon/s065/overview,harold-solomon,s065
1977.08.23,1977,8,23,13,13,,,34,0,0,/en/players/mark-cox/c090/overview,mark-cox,c090
1977.08.23,1977,8,23,14,14,,,42,0,0,/en/players/ken-rosewall/r075/overview,ken-rosewall,r075
1977.08.23,1977,8,23,15,15,5,down,25,0,0,/en/players/wojtek-fibak/f020/overview,wojtek-fibak,f020
1977.08.23,1977,8,23,16,16,,,30,0,0,/en/players/stan-smith/s060/overview,stan-smith,s060
1977.08.23,1977,8,23,17,17,,,27,0,0,/en/players/phil-dent/d074/overview,phil-dent,d074
1977.08.23,1977,8,23,18,18,,,26,0,0,/en/players/john-alexander/a014/overview,john-alexander,a014
1977.08.23,1977,8,23,19,19,,,34,0,0,/en/players/arthur-ashe/a063/overview,arthur-ashe,a063
1977.08.23,1977,8,23,20,20,,,27,0,0,/en/players/adriano-panatta/p059/overview,adriano-panatta,p059
1977.08.23,1977,8,23,21,21,,,32,0,0,/en/players/tony-roche/r073/overview,tony-roche,r073
1977.08.23,1977,8,23,22,22,,,27,0,0,/en/players/jeff-borowiak/b059/overview,jeff-borowiak,b059
1977.08.23,1977,8,23,23,23,,,24,0,0,/en/players/corrado-barazzutti/b007/overview,corrado-barazzutti,b007
1977.08.23,1977,8,23,24,24,,,31,0,0,/en/players/jaime-fillol%20sr./f024/overview,jaime-fillol%20sr.,f024
1977.08.23,1977,8,23,25,25,,,29,0,0,/en/players/robert-lutz/l045/overview,robert-lutz,l045
1977.08.23,1977,8,23,26,26,,,25,0,0,/en/players/sandy-mayer/m039/overview,sandy-mayer,m039
1977.08.23,1977,8,23,27,27,,,36,0,0,/en/players/cliff-drysdale/d082/overview,cliff-drysdale,d082
1977.08.23,1977,8,23,28,28,,,26,0,0,/en/players/paolo-bertolucci/b129/overview,paolo-bertolucci,b129
1977.08.23,1977,8,23,29,29,,,22,0,0,/en/players/buster%20c.-mottram/m154/overview,buster%20c.-mottram,m154
1977.08.23,1977,8,23,30,30,,,18,0,0,/en/players/john-mcenroe/m047/overview,john-mcenroe,m047
1977.08.23,1977,8,23,31,31,,,33,0,0,/en/players/tom-okker/o032/overview,tom-okker,o032
1977.08.23,1977,8,23,32,32,,,31,0,0,/en/players/jan-kodes/k049/overview,jan-kodes,k049
1977.08.23,1977,8,23,33,33,,,27,0,0,/en/players/antonio-zugarelli/z013/overview,antonio-zugarelli,z013
1977.08.23,1977,8,23,34,34,,,23,0,0,/en/players/balazs-taroczy/t007/overview,balazs-taroczy,t007
1977.08.23,1977,8,23,35,35,,,30,0,0,/en/players/zeljko-franulovic/f074/overview,zeljko-franulovic,f074
1977.08.23,1977,8,23,36,36,,,24,0,0,/en/players/jose-higueras/h019/overview,jose-higueras,h019
1977.08.23,1977,8,23,37,37,,,20,0,0,/en/players/bill-scanlon/s017/overview,bill-scanlon,s017
1977.08.23,1977,8,23,38,38,,,25,0,0,/en/players/kim-warwick/w006/overview,kim-warwick,w006
1977.08.23,1977,8,23,39,39,,,23,0,0,/en/players/henry-pfister/p026/overview,henry-pfister,p026
1977.08.23,1977,8,23,40,40,,,32,0,0,/en/players/colin-dibley/d076/overview,colin-dibley,d076
1977.08.23,1977,8,23,41,41,,,35,0,0,/en/players/marty-riessen/r055/overview,marty-riessen,r055
1977.08.23,1977,8,23,42,42,,,32,0,0,/en/players/dick-crealy/c093/overview,dick-crealy,c093
1977.08.23,1977,8,23,43,43,,,21,0,0,/en/players/victor-pecci/p704/overview,victor-pecci,p704
1977.08.23,1977,8,23,44,44,,,27,0,0,/en/players/haroon-rahim/r063/overview,haroon-rahim,r063
1977.08.23,1977,8,23,45,45,,,21,0,0,/en/players/hans-gildemeister/g015/overview,hans-gildemeister,g015
1977.08.23,1977,8,23,46,46,,,25,0,0,/en/players/tim-gullikson/g048/overview,tim-gullikson,g048
1977.08.23,1977,8,23,47,47,,,30,0,0,/en/players/raymond-moore/m118/overview,raymond-moore,m118
1977.08.23,1977,8,23,48,48,,,28,0,0,/en/players/karl-meiler/m055/overview,karl-meiler,m055
1977.08.23,1977,8,23,49,49,,,30,0,0,/en/players/cliff-richey/r071/overview,cliff-richey,r071
1977.08.23,1977,8,23,50,50,,,23,0,0,/en/players/mark-edmondson/e005/overview,mark-edmondson,e005
1977.07.25,1977,7,25,10,10,2,up,24,0,0,/en/players/wojtek-fibak/f020/overview,wojtek-fibak,f020
1977.07.02,1977,7,2,1,1,,,24,0,0,/en/players/jimmy-connors/c044/overview,jimmy-connors,c044
1977.07.02,1977,7,2,2,2,,,21,0,0,/en/players/bjorn-borg/b058/overview,bjorn-borg,b058
1977.07.02,1977,7,2,3,3,,,25,0,0,/en/players/brian-gottfried/g029/overview,brian-gottfried,g029
1977.07.02,1977,7,2,4,4,,,24,0,0,/en/players/guillermo-vilas/v028/overview,guillermo-vilas,v028
1977.07.02,1977,7,2,5,5,,,24,0,0,/en/players/raul-ramirez/r065/overview,raul-ramirez,r065
1977.07.02,1977,7,2,6,6,,,28,0,0,/en/players/manuel-orantes/o017/overview,manuel-orantes,o017
1977.07.02,1977,7,2,7,7,,,30,0,0,/en/players/ilie-nastase/n008/overview,ilie-nastase,n008
1977.07.02,1977,7,2,8,8,,,22,0,0,/en/players/vitas-gerulaitis/g008/overview,vitas-gerulaitis,g008
1977.07.02,1977,7,2,9,9,,,25,0,0,/en/players/roscoe-tanner/t006/overview,roscoe-tanner,t006
1977.07.02,1977,7,2,10,10,,,26,0,0,/en/players/eddie-dibbs/d026/overview,eddie-dibbs,d026
1977.07.02,1977,7,2,11,11,,,26,0,0,/en/players/dick-stockton/s090/overview,dick-stockton,s090
1977.07.02,1977,7,2,12,12,,,24,0,0,/en/players/wojtek-fibak/f020/overview,wojtek-fibak,f020
1977.07.02,1977,7,2,13,13,,,24,0,0,/en/players/harold-solomon/s065/overview,harold-solomon,s065
1977.07.02,1977,7,2,14,14,,,33,0,0,/en/players/mark-cox/c090/overview,mark-cox,c090
1977.07.02,1977,7,2,15,15,,,30,0,0,/en/players/stan-smith/s060/overview,stan-smith,s060
1977.07.02,1977,7,2,16,16,,,42,0,0,/en/players/ken-rosewall/r075/overview,ken-rosewall,r075
1977.07.02,1977,7,2,17,17,,,26,0,0,/en/players/adriano-panatta/p059/overview,adriano-panatta,p059
1977.07.02,1977,7,2,18,18,,,33,0,0,/en/players/arthur-ashe/a063/overview,arthur-ashe,a063
1977.07.02,1977,7,2,19,19,,,32,0,0,/en/players/tony-roche/r073/overview,tony-roche,r073
1977.07.02,1977,7,2,20,20,,,24,0,0,/en/players/corrado-barazzutti/b007/overview,corrado-barazzutti,b007
1977.07.02,1977,7,2,21,21,,,29,0,0,/en/players/robert-lutz/l045/overview,robert-lutz,l045
1977.07.02,1977,7,2,22,22,,,25,0,0,/en/players/paolo-bertolucci/b129/overview,paolo-bertolucci,b129
1977.07.02,1977,7,2,23,23,,,27,0,0,/en/players/phil-dent/d074/overview,phil-dent,d074
1977.07.02,1977,7,2,24,24,,,25,0,0,/en/players/sandy-mayer/m039/overview,sandy-mayer,m039
1977.07.02,1977,7,2,25,25,,,36,0,0,/en/players/cliff-drysdale/d082/overview,cliff-drysdale,d082
1977.07.02,1977,7,2,26,26,,,31,0,0,/en/players/jaime-fillol%20sr./f024/overview,jaime-fillol%20sr.,f024
1977.07.02,1977,7,2,27,27,,,27,0,0,/en/players/antonio-zugarelli/z013/overview,antonio-zugarelli,z013
1977.07.02,1977,7,2,28,28,,,31,0,0,/en/players/jan-kodes/k049/overview,jan-kodes,k049
1977.07.02,1977,7,2,29,29,,,22,0,0,/en/players/buster%20c.-mottram/m154/overview,buster%20c.-mottram,m154
1977.07.02,1977,7,2,30,30,,,25,0,0,/en/players/john-alexander/a014/overview,john-alexander,a014
1977.07.02,1977,7,2,31,31,,,33,0,0,/en/players/tom-okker/o032/overview,tom-okker,o032
1977.07.02,1977,7,2,32,32,,,30,0,0,/en/players/cliff-richey/r071/overview,cliff-richey,r071
1977.07.02,1977,7,2,33,33,,,30,0,0,/en/players/zeljko-franulovic/f074/overview,zeljko-franulovic,f074
1977.07.02,1977,7,2,34,34,,,29,0,0,/en/players/brian-fairlie/f066/overview,brian-fairlie,f066
1977.07.02,1977,7,2,35,35,,,24,0,0,/en/players/jose-higueras/h019/overview,jose-higueras,h019
1977.07.02,1977,7,2,36,36,,,32,0,0,/en/players/dick-crealy/c093/overview,dick-crealy,c093
1977.07.02,1977,7,2,37,37,,,23,0,0,/en/players/balazs-taroczy/t007/overview,balazs-taroczy,t007
1977.07.02,1977,7,2,38,38,,,30,0,0,/en/players/hans-jurgen-pohmann/p082/overview,hans-jurgen-pohmann,p082
1977.07.02,1977,7,2,39,39,,,21,0,0,/en/players/victor-pecci%20sr./p015/overview,victor-pecci%20sr.,p015
1977.07.02,1977,7,2,40,40,,,20,0,0,/en/players/bill-scanlon/s017/overview,bill-scanlon,s017
1977.07.02,1977,7,2,41,41,,,27,0,0,/en/players/jeff-borowiak/b059/overview,jeff-borowiak,b059
1977.07.02,1977,7,2,42,42,,,30,0,0,/en/players/raymond-moore/m118/overview,raymond-moore,m118
1977.07.02,1977,7,2,43,43,,,35,0,0,/en/players/marty-riessen/r055/overview,marty-riessen,r055
1977.07.02,1977,7,2,44,44,,,27,0,0,/en/players/haroon-rahim/r063/overview,haroon-rahim,r063
1977.07.02,1977,7,2,45,45,,,28,0,0,/en/players/karl-meiler/m055/overview,karl-meiler,m055
1977.07.02,1977,7,2,46,46,,,32,0,0,/en/players/colin-dibley/d076/overview,colin-dibley,d076
1977.07.02,1977,7,2,47,47,,,23,0,0,/en/players/vijay-amritraj/a022/overview,vijay-amritraj,a022
1977.07.02,1977,7,2,48,48,,,25,0,0,/en/players/kim-warwick/w006/overview,kim-warwick,w006
1977.07.02,1977,7,2,49,49,,,23,0,0,/en/players/mark-edmondson/e005/overview,mark-edmondson,e005
1977.07.02,1977,7,2,50,50,,,31,0,0,/en/players/tom-gorman/g078/overview,tom-gorman,g078
1977.07.02,1977,7,2,51,51,,,35,0,0,/en/players/francois-jauffret/j031/overview,francois-jauffret,j031
1977.07.02,1977,7,2,52,52,,,25,0,0,/en/players/ross-case/c020/overview,ross-case,c020
1977.07.02,1977,7,2,53,53,,,33,0,0,/en/players/charlie-pasarell/p072/overview,charlie-pasarell,p072
1977.07.02,1977,7,2,54,54,,,37,0,0,/en/players/bob-hewitt/h058/overview,bob-hewitt,h058
1977.07.02,1977,7,2,55,55,,,23,0,0,/en/players/henry-pfister/p026/overview,henry-pfister,p026
1977.07.02,1977,7,2,56,56,,,26,0,0,/en/players/geoff-masters/m139/overview,geoff-masters,m139
1977.07.02,1977,7,2,57,57,,,22,0,0,/en/players/peter-fleming/f030/overview,peter-fleming,f030
1977.07.02,1977,7,2,58,58,,,31,0,0,/en/players/ray-ruffels/r076/overview,ray-ruffels,r076
1977.07.02,1977,7,2,59,59,,,24,0,0,/en/players/byron-bertram/b130/overview,byron-bertram,b130
1977.07.02,1977,7,2,60,60,,,25,0,0,/en/players/tim-gullikson/g048/overview,tim-gullikson,g048
1977.07.02,1977,7,2,61,61,,,35,0,0,/en/players/frew-mcmillan/m111/overview,frew-mcmillan,m111
1977.07.02,1977,7,2,62,62,,,25,0,0,/en/players/tom-gullikson/g049/overview,tom-gullikson,g049
1977.07.02,1977,7,2,63,63,,,29,0,0,/en/players/jurgen-fassbender/f068/overview,jurgen-fassbender,f068
1977.07.02,1977,7,2,64,64,,,22,0,0,/en/players/bernard-mitton/m072/overview,bernard-mitton,m072
1977.07.02,1977,7,2,65,65,,,20,0,0,/en/players/billy-martin/m138/overview,billy-martin,m138
1977.07.02,1977,7,2,66,66,,,22,0,0,/en/players/john-lloyd/l036/overview,john-lloyd,l036
1977.07.02,1977,7,2,67,67,,,24,0,0,/en/players/deon-joubert/j021/overview,deon-joubert,j021
1977.07.02,1977,7,2,68,68,,,22,0,0,/en/players/brian-teacher/t011/overview,brian-teacher,t011
1977.07.02,1977,7,2,69,69,,,32,0,0,/en/players/ove%20nils-bengtson/b126/overview,ove%20nils-bengtson,b126
1977.07.02,1977,7,2,70,70,,,26,0,0,/en/players/jiri-hrebec/h066/overview,jiri-hrebec,h066
1977.07.02,1977,7,2,71,71,,,18,0,0,/en/players/john-mcenroe/m047/overview,john-mcenroe,m047
1977.07.02,1977,7,2,72,72,,,26,0,0,/en/players/ricardo-cano/c010/overview,ricardo-cano,c010
1977.07.02,1977,7,2,73,73,,,21,0,0,/en/players/hans-gildemeister/g015/overview,hans-gildemeister,g015
1977.07.02,1977,7,2,74,74,,,24,0,0,/en/players/jim-delaney/d072/overview,jim-delaney,d072
1977.07.02,1977,7,2,75,75,,,37,0,0,/en/players/nikola-pilic/p080/overview,nikola-pilic,p080
1977.07.02,1977,7,2,76,76,,,28,0,0,/en/players/john-yuill/y008/overview,john-yuill,y008
1977.07.02,1977,7,2,77,77,,,21,0,0,/en/players/gene-mayer/m038/overview,gene-mayer,m038
1977.07.02,1977,7,2,78,78,,,22,0,0,/en/players/belus-prajoux/p046/overview,belus-prajoux,p046
1977.07.02,1977,7,2,78,78,,,33,0,0,/en/players/nicola%20-spear/s146/overview,nicola%20-spear,s146
1977.07.02,1977,7,2,80,80,,,31,0,0,/en/players/sherwood-stewart/s082/overview,sherwood-stewart,s082
1977.07.02,1977,7,2,81,81,,,23,0,0,/en/players/willem-prinsloo/p084/overview,willem-prinsloo,p084
1977.07.02,1977,7,2,82,82,,,26,0,0,/en/players/kjell-johansson/j032/overview,kjell-johansson,j032
1977.07.02,1977,7,2,82,82,,,25,0,0,/en/players/terry-moor/m081/overview,terry-moor,m081
1977.07.02,1977,7,2,82,82,,,31,0,0,/en/players/allan-stone/s148/overview,allan-stone,s148
1977.07.02,1977,7,2,85,85,,,22,0,0,/en/players/javier-soler/s064/overview,javier-soler,s064
1977.07.02,1977,7,2,86,86,,,22,0,0,/en/players/colin-dowdeswell/d037/overview,colin-dowdeswell,d037
1977.07.02,1977,7,2,87,87,,,32,0,0,/en/players/thomas-koch/k036/overview,thomas-koch,k036
1977.07.02,1977,7,2,88,88,,,26,0,0,/en/players/fred-mcnair%20iv/m146/overview,fred-mcnair%20iv,m146
1977.07.02,1977,7,2,89,89,,,23,0,0,/en/players/victor-amaya/a044/overview,victor-amaya,a044
1977.07.02,1977,7,2,90,90,,,25,0,0,/en/players/rolf-norberg/n048/overview,rolf-norberg,n048
1977.07.02,1977,7,2,91,91,,,30,0,0,/en/players/onny-parun/p070/overview,onny-parun,p070
1977.07.02,1977,7,2,92,92,,,25,0,0,/en/players/frank-gebert/g071/overview,frank-gebert,g071
1977.07.02,1977,7,2,93,93,,,27,0,0,/en/players/steve-docherty/d078/overview,steve-docherty,d078
1977.07.02,1977,7,2,93,93,,,26,0,0,/en/players/steve-krulevitz/k053/overview,steve-krulevitz,k053
1977.07.02,1977,7,2,95,95,,,24,0,0,/en/players/sashi-menon/m058/overview,sashi-menon,m058
1977.07.02,1977,7,2,96,96,,,22,0,0,/en/players/butch-walts/w002/overview,butch-walts,w002
1977.07.02,1977,7,2,97,97,,,22,0,0,/en/players/trey-waltke/w045/overview,trey-waltke,w045
1977.07.02,1977,7,2,98,98,,,27,0,0,/en/players/patrick-proisy/p085/overview,patrick-proisy,p085
1977.07.02,1977,7,2,99,99,,,22,0,0,/en/players/paul-kronk/k073/overview,paul-kronk,k073
1977.07.02,1977,7,2,100,100,,,31,0,0,/en/players/ivan-molina/m152/overview,ivan-molina,m152
1977.07.02,1977,7,2,101,101,,,24,0,0,/en/players/jean-francois-caujolle/c082/overview,jean-francois-caujolle,c082
1977.07.02,1977,7,2,101,101,,,24,0,0,/en/players/george-hardie/h056/overview,george-hardie,h056
1977.07.02,1977,7,2,103,103,,,20,0,0,/en/players/chris-lewis%20(nzl)/l024/overview,chris-lewis%20(nzl),l024
1977.07.02,1977,7,2,104,104,,,25,0,0,/en/players/john-feaver/f008/overview,john-feaver,f008
1977.07.02,1977,7,2,105,105,,,22,0,0,/en/players/richard-lewis/l025/overview,richard-lewis,l025
1977.07.02,1977,7,2,106,106,,,38,0,0,/en/players/rod-laver/l058/overview,rod-laver,l058
1977.07.02,1977,7,2,107,107,,,27,0,0,/en/players/dick%20r.-bohrnstedt/b238/overview,dick%20r.-bohrnstedt,b238
1977.07.02,1977,7,2,107,107,,,25,0,0,/en/players/mike-cahill/c075/overview,mike-cahill,c075
1977.07.02,1977,7,2,109,109,,,21,0,0,/en/players/jan-norback/n047/overview,jan-norback,n047
1977.07.02,1977,7,2,110,110,,,24,0,0,/en/players/james%20chico-hagey/h054/overview,james%20chico-hagey,h054
1977.07.02,1977,7,2,110,110,,,28,0,0,/en/players/hans-kary/k041/overview,hans-kary,k041
1977.07.02,1977,7,2,110,110,,,26,0,0,/en/players/erik-van%20dillen/v049/overview,erik-van%20dillen,v049
1977.07.02,1977,7,2,113,113,,,32,0,0,/en/players/alex-metreveli/m271/overview,alex-metreveli,m271
1977.07.02,1977,7,2,114,114,,,28,0,0,/en/players/andrew-pattison/p074/overview,andrew-pattison,p074
1977.07.02,1977,7,2,115,115,,,35,0,0,/en/players/roger-taylor/t050/overview,roger-taylor,t050
1977.07.02,1977,7,2,116,116,,,29,0,0,/en/players/elio%20lito-alvarez/a057/overview,elio%20lito-alvarez,a057
1977.07.02,1977,7,2,116,116,,,29,0,0,/en/players/ismail-el%20shafei/e038/overview,ismail-el%20shafei,e038
1977.07.02,1977,7,2,118,118,,,25,0,0,/en/players/jorge-andrew/a061/overview,jorge-andrew,a061
1977.07.02,1977,7,2,119,119,,,21,0,0,/en/players/nick-saviano/s111/overview,nick-saviano,s111
1977.07.02,1977,7,2,120,120,,,21,0,0,/en/players/rolf-gehring/g007/overview,rolf-gehring,g007
1977.07.02,1977,7,2,120,120,,,23,0,0,/en/players/emilio-montano/m153/overview,emilio-montano,m153
1977.07.02,1977,7,2,122,122,,,20,0,0,/en/players/werner-zirngibl/z012/overview,werner-zirngibl,z012
1977.07.02,1977,7,2,123,123,,,28,0,0,/en/players/zan-guerry/g116/overview,zan-guerry,g116
1977.07.02,1977,7,2,124,124,,,27,0,0,/en/players/patrice-dominguez/d080/overview,patrice-dominguez,d080
1977.07.02,1977,7,2,125,125,,,27,0,0,/en/players/alvaro-betancur/b131/overview,alvaro-betancur,b131
1977.07.02,1977,7,2,126,126,,,23,0,0,/en/players/jean-louis-haillet/h041/overview,jean-louis-haillet,h041
1977.07.02,1977,7,2,127,127,,,28,0,0,/en/players/pavel-hutka/h097/overview,pavel-hutka,h097
1977.07.02,1977,7,2,127,127,,,23,0,0,/en/players/john-whitlinger/w051/overview,john-whitlinger,w051
1977.07.02,1977,7,2,129,129,,,25,0,0,/en/players/anand-amritraj/a021/overview,anand-amritraj,a021
1977.07.02,1977,7,2,130,130,,,26,0,0,/en/players/antonio-munoz/m156/overview,antonio-munoz,m156
1977.07.02,1977,7,2,131,131,,,30,0,0,/en/players/vladimir-zednik/z023/overview,vladimir-zednik,z023
1977.07.02,1977,7,2,132,132,,,22,0,0,/en/players/pat-dupre/d048/overview,pat-dupre,d048
1977.07.02,1977,7,2,133,133,,,40,0,0,/en/players/roy-emerson/e030/overview,roy-emerson,e030
1977.07.02,1977,7,2,133,133,,,26,0,0,/en/players/carlos-kirmayr/k009/overview,carlos-kirmayr,k009
1977.07.02,1977,7,2,135,135,,,39,0,0,/en/players/barry-phillips-moore/p078/overview,barry-phillips-moore,p078
1977.07.02,1977,7,2,136,136,,,22,0,0,/en/players/david-schneider/s115/overview,david-schneider,s115
1977.07.02,1977,7,2,137,137,,,24,0,0,/en/players/henry-bunis/b135/overview,henry-bunis,b135
1977.07.02,1977,7,2,137,137,,,26,0,0,/en/players/mike-machette/m132/overview,mike-machette,m132
1977.07.02,1977,7,2,139,139,,,33,0,0,/en/players/patricio-cornejo/c088/overview,patricio-cornejo,c088
1977.07.02,1977,7,2,140,140,,,30,0,0,/en/players/jairo-velasco%20sr/v294/overview,jairo-velasco%20sr,v294
1977.07.02,1977,7,2,141,141,,,25,0,0,/en/players/cliff-letcher/l062/overview,cliff-letcher,l062
1977.07.02,1977,7,2,142,142,,,27,0,0,/en/players/mike-estep/e040/overview,mike-estep,e040
1977.07.02,1977,7,2,143,143,,,26,0,0,/en/players/john-james/j029/overview,john-james,j029
1977.07.02,1977,7,2,144,144,,,25,0,0,/en/players/grover%20raz-reid/r068/overview,grover%20raz-reid,r068
1977.07.02,1977,7,2,145,145,,,,0,0,/en/players/teimuraz-kakoulia/k105/overview,teimuraz-kakoulia,k105
1977.07.02,1977,7,2,146,146,,,23,0,0,/en/players/russell-simpson/s052/overview,russell-simpson,s052
1977.07.02,1977,7,2,147,147,,,30,0,0,/en/players/ramiro-benavides/b034/overview,ramiro-benavides,b034
1977.07.02,1977,7,2,148,148,,,23,0,0,/en/players/rick-fagel/f001/overview,rick-fagel,f001
1977.07.02,1977,7,2,148,148,,,22,0,0,/en/players/paul-mcnamee/m050/overview,paul-mcnamee,m050
1977.07.02,1977,7,2,148,148,,,33,0,0,/en/players/frantisek-pala/p100/overview,frantisek-pala,p100
1977.07.02,1977,7,2,151,151,,,22,0,0,/en/players/chris-kachel/k044/overview,chris-kachel,k044
1977.07.02,1977,7,2,152,152,,,27,0,0,/en/players/doug-crawford/c053/overview,doug-crawford,c053
1977.07.02,1977,7,2,152,152,,,25,0,0,/en/players/eric-deblicker/d063/overview,eric-deblicker,d063
1977.07.02,1977,7,2,152,152,,,37,0,0,/en/players/jaime-pinto-bravo/p067/overview,jaime-pinto-bravo,p067
1977.07.02,1977,7,2,152,152,,,23,0,0,/en/players/keith-richardson/r070/overview,keith-richardson,r070
1977.07.02,1977,7,2,156,156,,,30,0,0,/en/players/gerald-battrick/b124/overview,gerald-battrick,b124
1977.07.02,1977,7,2,157,157,,,24,0,0,/en/players/alvaro-fillol/f025/overview,alvaro-fillol,f025
1977.07.02,1977,7,2,158,158,,,36,0,0,/en/players/bob%20-carmichael/c080/overview,bob%20-carmichael,c080
1977.07.02,1977,7,2,159,159,,,35,0,0,/en/players/juan-gisbert%20sr/g076/overview,juan-gisbert%20sr,g076
1977.07.02,1977,7,2,160,160,,,11,0,0,/en/players/danny-granot/g208/overview,danny-granot,g208
1977.07.02,1977,7,2,160,160,,,21,0,0,/en/players/martin-robinson/r031/overview,martin-robinson,r031
1977.07.02,1977,7,2,160,160,,,18,0,0,/en/players/eliot-teltscher/t012/overview,eliot-teltscher,t012
1977.07.02,1977,7,2,163,163,,,29,0,0,/en/players/john-bartlett/b123/overview,john-bartlett,b123
1977.07.02,1977,7,2,164,164,,,,0,0,/en/players/douglas-palm/p150/overview,douglas-palm,p150
1977.07.02,1977,7,2,165,165,,,30,0,0,/en/players/julian-ganzabal/g068/overview,julian-ganzabal,g068
1977.07.02,1977,7,2,165,165,,,23,0,0,/en/players/ulrich-pinner/p034/overview,ulrich-pinner,p034
1977.07.02,1977,7,2,167,167,,,26,0,0,/en/players/alvin-gardiner/g070/overview,alvin-gardiner,g070
1977.07.02,1977,7,2,168,168,,,27,0,0,/en/players/syd-ball/b106/overview,syd-ball,b106
1977.07.02,1977,7,2,169,169,,,28,0,0,/en/players/bill-lofgren/l065/overview,bill-lofgren,l065
1977.07.02,1977,7,2,169,169,,,21,0,0,/en/players/tomas-smid/s058/overview,tomas-smid,s058
1977.07.02,1977,7,2,171,171,,,31,0,0,/en/players/jun-kuki/k054/overview,jun-kuki,k054
1977.07.02,1977,7,2,172,172,,,,0,0,/en/players/jacek-niedzwiedzki/n083/overview,jacek-niedzwiedzki,n083
1977.07.02,1977,7,2,173,173,,,38,0,0,/en/players/ion-tiriac/t040/overview,ion-tiriac,t040
1977.07.02,1977,7,2,174,174,,,24,0,0,/en/players/john-marks/m136/overview,john-marks,m136
1977.07.02,1977,7,2,175,175,,,,0,0,/en/players/juan%20ignacio-muntanola/m157/overview,juan%20ignacio-muntanola,m157
1977.07.02,1977,7,2,176,176,,,24,0,0,/en/players/robin-drysdale/d042/overview,robin-drysdale,d042
1977.07.02,1977,7,2,177,177,,,27,0,0,/en/players/norman-holmes/h062/overview,norman-holmes,h062
1977.07.02,1977,7,2,178,178,,,22,0,0,/en/players/eric-friedler/f077/overview,eric-friedler,f077
1977.07.02,1977,7,2,179,179,,,20,0,0,/en/players/christophe-casa/c073/overview,christophe-casa,c073
1977.07.02,1977,7,2,180,180,,,21,0,0,/en/players/peter-mcnamara/m051/overview,peter-mcnamara,m051
1977.07.02,1977,7,2,181,181,,,25,0,0,/en/players/rolf-thung/t051/overview,rolf-thung,t051
1977.07.02,1977,7,2,182,182,,,25,0,0,/en/players/woody-blocher/b132/overview,woody-blocher,b132
1977.07.02,1977,7,2,182,182,,,19,0,0,/en/players/peter-elter/e013/overview,peter-elter,e013
1977.07.02,1977,7,2,182,182,,,23,0,0,/en/players/mark-meyers/m149/overview,mark-meyers,m149
1977.07.02,1977,7,2,185,185,,,25,0,0,/en/players/jeff-austin/a065/overview,jeff-austin,a065
1977.07.02,1977,7,2,185,185,,,26,0,0,/en/players/rick-fisher/f070/overview,rick-fisher,f070
1977.07.02,1977,7,2,185,185,,,29,0,0,/en/players/georges-goven/g031/overview,georges-goven,g031
1977.07.02,1977,7,2,185,185,,,33,0,0,/en/players/john-newcombe/n044/overview,john-newcombe,n044
1977.07.02,1977,7,2,185,185,,,20,0,0,/en/players/gianni-ocleppo/o004/overview,gianni-ocleppo,o004
1977.07.02,1977,7,2,190,190,,,30,0,0,/en/players/steven-turner/t053/overview,steven-turner,t053
1977.07.02,1977,7,2,191,191,,,21,0,0,/en/players/ulrich-marten/m137/overview,ulrich-marten,m137
1977.07.02,1977,7,2,191,191,,,31,0,0,/en/players/butch-seewagen/s139/overview,butch-seewagen,s139
1977.07.02,1977,7,2,191,191,,,20,0,0,/en/players/ferdi-taygan/t037/overview,ferdi-taygan,t037
1977.07.02,1977,7,2,194,194,,,26,0,0,/en/players/birger-andersson/a086/overview,birger-andersson,a086
1977.07.02,1977,7,2,194,194,,,,0,0,/en/players/per-hegna/h081/overview,per-hegna,h081
1977.07.02,1977,7,2,194,194,,,17,0,0,/en/players/robbie-venter/v022/overview,robbie-venter,v022
1977.07.02,1977,7,2,197,197,,,21,0,0,/en/players/angel-gimenez/g017/overview,angel-gimenez,g017
1977.07.02,1977,7,2,197,197,,,21,0,0,/en/players/bruce-manson/m014/overview,bruce-manson,m014
1977.07.02,1977,7,2,197,197,,,17,0,0,/en/players/tim-wilkison/w019/overview,tim-wilkison,w019
1977.07.02,1977,7,2,200,200,,,24,0,0,/en/players/joaquim-rasgado%20jr/r066/overview,joaquim-rasgado%20jr,r066
1977.07.02,1977,7,2,201,201,,,20,0,0,/en/players/ashok-amritraj/a059/overview,ashok-amritraj,a059
1977.07.02,1977,7,2,201,201,,,18,0,0,/en/players/charlie-fancutt/f002/overview,charlie-fancutt,f002
1977.07.02,1977,7,2,201,201,,,30,0,0,/en/players/armistead-neely/n043/overview,armistead-neely,n043
1977.07.02,1977,7,2,201,201,,,24,0,0,/en/players/timothy-noonan/n046/overview,timothy-noonan,n046
1977.07.02,1977,7,2,205,205,,,18,0,0,/en/players/rory-chappell/c084/overview,rory-chappell,c084
1977.07.02,1977,7,2,205,205,,,29,0,0,/en/players/marcelo-lara/l057/overview,marcelo-lara,l057
1977.07.02,1977,7,2,207,207,,,24,0,0,/en/players/rod-frawley/f039/overview,rod-frawley,f039
1977.07.02,1977,7,2,207,207,,,24,0,0,/en/players/tenny-svensson/s149/overview,tenny-svensson,s149
1977.07.02,1977,7,2,209,209,,,23,0,0,/en/players/scott-carnahan/c081/overview,scott-carnahan,c081
1977.07.02,1977,7,2,209,209,,,22,0,0,/en/players/herve-gauvain/g064/overview,herve-gauvain,g064
1977.07.02,1977,7,2,209,209,,,28,0,0,/en/players/william-lloyd/l064/overview,william-lloyd,l064
1977.07.02,1977,7,2,209,209,,,,0,0,/en/players/bobby-webb/w077/overview,bobby-webb,w077
1977.07.02,1977,7,2,214,214,,,30,0,0,/en/players/pat-cramer/c091/overview,pat-cramer,c091
1977.07.02,1977,7,2,215,215,,,36,0,0,/en/players/harald-elschenbroich/e037/overview,harald-elschenbroich,e037
1977.07.02,1977,7,2,216,216,,,22,0,0,/en/players/mike-fishbach/f092/overview,mike-fishbach,f092
1977.07.02,1977,7,2,216,216,,,23,0,0,/en/players/bernard-fritz/f045/overview,bernard-fritz,f045
1977.07.02,1977,7,2,216,216,,,21,0,0,/en/players/peter-pearson/p075/overview,peter-pearson,p075
1977.07.02,1977,7,2,216,216,,,,0,0,/en/players/graeme-thomson/t096/overview,graeme-thomson,t096
1977.07.02,1977,7,2,220,220,,,21,0,0,/en/players/greg-halder/h055/overview,greg-halder,h055
1977.07.02,1977,7,2,220,220,,,27,0,0,/en/players/kenichi-hirai/h023/overview,kenichi-hirai,h023
1977.07.02,1977,7,2,220,220,,,36,0,0,/en/players/jim-mcmanus/m144/overview,jim-mcmanus,m144
1977.07.02,1977,7,2,220,220,,,28,0,0,/en/players/kenneth-mcmillan/m145/overview,kenneth-mcmillan,m145
1977.07.02,1977,7,2,220,220,,,20,0,0,/en/players/matt-mitchell/m071/overview,matt-mitchell,m071
1977.07.02,1977,7,2,220,220,,,,0,0,/en/players/jose%20a.-moreno/m088/overview,jose%20a.-moreno,m088
1977.07.02,1977,7,2,220,220,,,22,0,0,/en/players/terry-rocavert/r072/overview,terry-rocavert,r072
1977.07.02,1977,7,2,220,220,,,24,0,0,/en/players/michael-wayman/w010/overview,michael-wayman,w010
1977.07.02,1977,7,2,228,228,,,18,0,0,/en/players/brad-drewett/d040/overview,brad-drewett,d040
1977.07.02,1977,7,2,228,228,,,17,0,0,/en/players/larry-gottfried/g161/overview,larry-gottfried,g161
1977.07.02,1977,7,2,228,228,,,25,0,0,/en/players/denis-naegelen/n042/overview,denis-naegelen,n042
1977.07.02,1977,7,2,228,228,,,32,0,0,/en/players/jim-osborne/o046/overview,jim-osborne,o046
1977.07.02,1977,7,2,228,228,,,19,0,0,/en/players/christophe-roger-vasselin/r037/overview,christophe-roger-vasselin,r037
1977.07.02,1977,7,2,228,228,,,18,0,0,/en/players/van-winitsky/w027/overview,van-winitsky,w027
1977.07.02,1977,7,2,234,234,,,33,0,0,/en/players/szabolcz-baranyi/b233/overview,szabolcz-baranyi,b233
1977.07.02,1977,7,2,234,234,,,18,0,0,/en/players/heinz-gunthardt/g050/overview,heinz-gunthardt,g050
1977.07.02,1977,7,2,234,234,,,29,0,0,/en/players/david-lloyd/l083/overview,david-lloyd,l083
1977.07.02,1977,7,2,234,234,,,26,0,0,/en/players/charles-owens/o033/overview,charles-owens,o033
1977.07.02,1977,7,2,234,234,,,39,0,0,/en/players/manuel-santana/s245/overview,manuel-santana,s245
1977.07.02,1977,7,2,234,234,,,22,0,0,/en/players/jonathan-smith/s059/overview,jonathan-smith,s059
1977.07.02,1977,7,2,240,240,,,,0,0,/en/players/ulf-eriksson/e072/overview,ulf-eriksson,e072
1977.07.02,1977,7,2,240,240,,,,0,0,/en/players/john-holladay/h140/overview,john-holladay,h140
1977.07.02,1977,7,2,240,240,,,25,0,0,/en/players/max-hurlimann/h067/overview,max-hurlimann,h067
1977.07.02,1977,7,2,240,240,,,,0,0,/en/players/johnny-muller/m354/overview,johnny-muller,m354
1977.07.02,1977,7,2,240,240,,,,0,0,/en/players/stephen-myers/m180/overview,stephen-myers,m180
1977.07.02,1977,7,2,240,240,,,27,0,0,/en/players/alejandro-pierola/p030/overview,alejandro-pierola,p030
1977.07.02,1977,7,2,246,246,,,19,0,0,/en/players/klaus-eberhard/e003/overview,klaus-eberhard,e003
1977.07.02,1977,7,2,246,246,,,23,0,0,/en/players/ernie-ewert/e066/overview,ernie-ewert,e066
1977.07.02,1977,7,2,246,246,,,28,0,0,/en/players/bernard-mignot/m151/overview,bernard-mignot,m151
1977.07.02,1977,7,2,246,246,,,35,0,0,/en/players/terry-ryan/r078/overview,terry-ryan,r078
1977.07.02,1977,7,2,246,246,,,27,0,0,/en/players/louk-sanders/s136/overview,louk-sanders,s136
1977.07.02,1977,7,2,246,246,,,26,0,0,/en/players/joao-soares/s062/overview,joao-soares,s062
1977.07.02,1977,7,2,246,246,,,25,0,0,/en/players/jacques-thamin/t099/overview,jacques-thamin,t099
1977.07.02,1977,7,2,253,253,,,36,0,0,/en/players/jose%20edison-mandarino/m135/overview,jose%20edison-mandarino,m135
1977.07.02,1977,7,2,253,253,,,34,0,0,/en/players/dennis-ralston/r064/overview,dennis-ralston,r064
1977.07.02,1977,7,2,253,253,,,25,0,0,/en/players/jan-simbera/s198/overview,jan-simbera,s198
1977.07.02,1977,7,2,253,253,,,29,0,0,/en/players/jasjit-singh/s142/overview,jasjit-singh,s142
1977.07.02,1977,7,2,253,253,,,,0,0,/en/players/john-trickey/t078/overview,john-trickey,t078
1977.07.02,1977,7,2,258,258,,,,0,0,/en/players/omar-laimina/l002/overview,omar-laimina,l002
1977.07.02,1977,7,2,258,258,,,28,0,0,/en/players/gene%20stuart-malin/m134/overview,gene%20stuart-malin,m134
1977.07.02,1977,7,2,258,258,,,22,0,0,/en/players/bhanu-nunna/n050/overview,bhanu-nunna,n050
1977.07.02,1977,7,2,258,258,,,,0,0,/en/players/olle-palmer/p005/overview,olle-palmer,p005
1977.07.02,1977,7,2,258,258,,,,0,0,/en/players/geza-varga/v103/overview,geza-varga,v103
1977.07.02,1977,7,2,264,264,,,34,0,0,/en/players/jean-claude-barclay/b119/overview,jean-claude-barclay,b119
1977.07.02,1977,7,2,264,264,,,20,0,0,/en/players/dominique-bedel/b030/overview,dominique-bedel,b030
1977.07.02,1977,7,2,264,264,,,29,0,0,/en/players/jun-kamiwazumi/k002/overview,jun-kamiwazumi,k002
1977.07.02,1977,7,2,264,264,,,28,0,0,/en/players/modesto%20tito-vazquez/v051/overview,modesto%20tito-vazquez,v051
1977.07.02,1977,7,2,264,264,,,19,0,0,/en/players/ricardo-ycaza/y007/overview,ricardo-ycaza,y007
1977.07.02,1977,7,2,269,269,,,,0,0,/en/players/vadim-borisov/b061/overview,vadim-borisov,b061
1977.07.02,1977,7,2,269,269,,,21,0,0,/en/players/david-carter/c072/overview,david-carter,c072
1977.07.02,1977,7,2,269,269,,,20,0,0,/en/players/christophe-freyss/f042/overview,christophe-freyss,f042
1977.07.02,1977,7,2,269,269,,,29,0,0,/en/players/patrice-hagelauer/h101/overview,patrice-hagelauer,h101
1977.07.02,1977,7,2,269,269,,,27,0,0,/en/players/fred-hemmes%20sr./h601/overview,fred-hemmes%20sr.,h601
1977.07.02,1977,7,2,269,269,,,,0,0,/en/players/randall-king/k058/overview,randall-king,k058
1977.07.02,1977,7,2,269,269,,,17,0,0,/en/players/yannick-noah/n022/overview,yannick-noah,n022
1977.07.02,1977,7,2,269,269,,,19,0,0,/en/players/howard-schoenfield/s137/overview,howard-schoenfield,s137
1977.07.02,1977,7,2,269,269,,,29,0,0,/en/players/peter-szoke/s230/overview,peter-szoke,s230
1977.07.02,1977,7,2,269,269,,,27,0,0,/en/players/luis%20felipe-tavares/t049/overview,luis%20felipe-tavares,t049
1977.07.02,1977,7,2,269,269,,,,0,0,/en/players/juan-torralbo/t082/overview,juan-torralbo,t082
1977.07.02,1977,7,2,281,281,,,27,0,0,/en/players/george-amaya/a058/overview,george-amaya,a058
1977.07.02,1977,7,2,281,281,,,,0,0,/en/players/janos-benyik/b202/overview,janos-benyik,b202
1977.07.02,1977,7,2,281,281,,,,0,0,/en/players/dicky-browne/b186/overview,dicky-browne,b186
1977.07.02,1977,7,2,281,281,,,,0,0,/en/players/roberto-chavez/c146/overview,roberto-chavez,c146
1977.07.02,1977,7,2,281,281,,,29,0,0,/en/players/dick-dell/d073/overview,dick-dell,d073
1977.07.02,1977,7,2,281,281,,,,0,0,/en/players/anthony-fawcett/f100/overview,anthony-fawcett,f100
1977.07.02,1977,7,2,281,281,,,25,0,0,/en/players/peter-feigl/f011/overview,peter-feigl,f011
1977.07.02,1977,7,2,281,281,,,21,0,0,/en/players/francisco-gonzalez/g024/overview,francisco-gonzalez,g024
1977.07.02,1977,7,2,281,281,,,21,0,0,/en/players/hubertus-hoyt/h065/overview,hubertus-hoyt,h065
1977.07.02,1977,7,2,281,281,,,29,0,0,/en/players/petr-kanderal/k113/overview,petr-kanderal,k113
1977.07.02,1977,7,2,281,281,,,,0,0,/en/players/tetsu-kuramitsu/k032/overview,tetsu-kuramitsu,k032
1977.07.02,1977,7,2,281,281,,,25,0,0,/en/players/lajos-levai/l052/overview,lajos-levai,l052
1977.07.02,1977,7,2,281,281,,,25,0,0,/en/players/dean-martin/m290/overview,dean-martin,m290
1977.07.02,1977,7,2,281,281,,,33,0,0,/en/players/hans-joachim-ploetz/p081/overview,hans-joachim-ploetz,p081
1977.07.02,1977,7,2,281,281,,,27,0,0,/en/players/dale-power/p044/overview,dale-power,p044
1977.07.02,1977,7,2,281,281,,,20,0,0,/en/players/reinhart-probst/p121/overview,reinhart-probst,p121
1977.07.02,1977,7,2,281,281,,,,0,0,/en/players/gordon-simmonds/s122/overview,gordon-simmonds,s122
1977.07.02,1977,7,2,281,281,,,21,0,0,/en/players/pavel-slozil/s056/overview,pavel-slozil,s056
1977.07.02,1977,7,2,300,300,,,21,0,0,/en/players/mansour-bahrami/b001/overview,mansour-bahrami,b001
1977.07.02,1977,7,2,300,300,,,26,0,0,/en/players/joel-bailey/b002/overview,joel-bailey,b002
1977.07.02,1977,7,2,300,300,,,,0,0,/en/players/greg-braun/b184/overview,greg-braun,b184
1977.07.02,1977,7,2,300,300,,,26,0,0,/en/players/peter-campbell/c079/overview,peter-campbell,c079
1977.07.02,1977,7,2,300,300,,,,0,0,/en/players/aly-el%20dawoudi/e051/overview,aly-el%20dawoudi,e051
1977.07.02,1977,7,2,300,300,,,,0,0,/en/players/eduardo-gorostiaga/g186/overview,eduardo-gorostiaga,g186
1977.07.02,1977,7,2,300,300,,,20,0,0,/en/players/tony-graham/g080/overview,tony-graham,g080
1977.07.02,1977,7,2,300,300,,,30,0,0,/en/players/humphrey-hose/h064/overview,humphrey-hose,h064
1977.07.02,1977,7,2,300,300,,,19,0,0,/en/players/jan-kallquist/k069/overview,jan-kallquist,k069
1977.07.02,1977,7,2,300,300,,,27,0,0,/en/players/nicolas-kelaidis/k046/overview,nicolas-kelaidis,k046
1977.07.02,1977,7,2,300,300,,,,0,0,/en/players/ray-kelly/k086/overview,ray-kelly,k086
1977.07.02,1977,7,2,300,300,,,,0,0,/en/players/peter-langsford/l124/overview,peter-langsford,l124
1977.07.02,1977,7,2,300,300,,,20,0,0,/en/players/warren-maher/m133/overview,warren-maher,m133
1977.07.02,1977,7,2,300,300,,,21,0,0,/en/players/miguel-mir/m123/overview,miguel-mir,m123
1977.07.02,1977,7,2,300,300,,,,0,0,/en/players/steve-mott/m250/overview,steve-mott,m250
1977.07.02,1977,7,2,300,300,,,22,0,0,/en/players/wayne-pascoe/p073/overview,wayne-pascoe,p073
1977.07.02,1977,7,2,300,300,,,,0,0,/en/players/peter-pokorny/p143/overview,peter-pokorny,p143
1977.07.02,1977,7,2,300,300,,,,0,0,/en/players/joel-ross/r146/overview,joel-ross,r146
1977.07.02,1977,7,2,300,300,,,,0,0,/en/players/spencer-segura/s305/overview,spencer-segura,s305
1977.07.02,1977,7,2,300,300,,,13,0,0,/en/players/peter-wright/w039/overview,peter-wright,w039
1977.07.02,1977,7,2,322,322,,,23,0,0,/en/players/bernard-balleret/b004/overview,bernard-balleret,b004
1977.07.02,1977,7,2,322,322,,,32,0,0,/en/players/patrice-beust/b229/overview,patrice-beust,b229
1977.07.02,1977,7,2,322,322,,,,0,0,/en/players/jose-castanon/c189/overview,jose-castanon,c189
1977.07.02,1977,7,2,322,322,,,,0,0,/en/players/tyler-corse/c069/overview,tyler-corse,c069
1977.07.02,1977,7,2,322,322,,,,0,0,/en/players/chetan-desai/d065/overview,chetan-desai,d065
1977.07.02,1977,7,2,322,322,,,,0,0,/en/players/massimo-di%20domenico/d137/overview,massimo-di%20domenico,d137
1977.07.02,1977,7,2,322,322,,,,0,0,/en/players/juan-diaz/d159/overview,juan-diaz,d159
1977.07.02,1977,7,2,322,322,,,29,0,0,/en/players/peter-fishbach/f116/overview,peter-fishbach,f116
1977.07.02,1977,7,2,322,322,,,,0,0,/en/players/vincenzo-franchitti/f103/overview,vincenzo-franchitti,f103
1977.07.02,1977,7,2,322,322,,,,0,0,/en/players/fernando-gentil/g184/overview,fernando-gentil,g184
1977.07.02,1977,7,2,322,322,,,19,0,0,/en/players/tony-giammalva/g011/overview,tony-giammalva,g011
1977.07.02,1977,7,2,322,322,,,28,0,0,/en/players/bob-giltinan/g074/overview,bob-giltinan,g074
1977.07.02,1977,7,2,322,322,,,,0,0,/en/players/dimitru-haradau/h006/overview,dimitru-haradau,h006
1977.07.02,1977,7,2,322,322,,,,0,0,/en/players/richard-hawkes/h174/overview,richard-hawkes,h174
1977.07.02,1977,7,2,322,322,,,,0,0,/en/players/juan-herrera/h180/overview,juan-herrera,h180
1977.07.02,1977,7,2,322,322,,,17,0,0,/en/players/per-hjertquist/h024/overview,per-hjertquist,h024
1977.07.02,1977,7,2,322,322,,,33,0,0,/en/players/milan-holecek/h059/overview,milan-holecek,h059
1977.07.02,1977,7,2,322,322,,,25,0,0,/en/players/leif-johansson/j064/overview,leif-johansson,j064
1977.07.02,1977,7,2,322,322,,,,0,0,/en/players/terje-larsen/l157/overview,terje-larsen,l157
1977.07.02,1977,7,2,322,322,,,,0,0,/en/players/trevor-little/l138/overview,trevor-little,l138
1977.07.02,1977,7,2,322,322,,,19,0,0,/en/players/fernando-luna/l043/overview,fernando-luna,l043
1977.07.02,1977,7,2,322,322,,,20,0,0,/en/players/gianni-marchetti/m106/overview,gianni-marchetti,m106
1977.07.02,1977,7,2,322,322,,,,0,0,/en/players/octavio-martinez/m165/overview,octavio-martinez,m165
1977.07.02,1977,7,2,322,322,,,,0,0,/en/players/alberto-martorell/m241/overview,alberto-martorell,m241
1977.07.02,1977,7,2,322,322,,,,0,0,/en/players/roger-mckee/m309/overview,roger-mckee,m309
1977.07.02,1977,7,2,322,322,,,,0,0,/en/players/jaidip-mukerjea/m272/overview,jaidip-mukerjea,m272
1977.07.02,1977,7,2,322,322,,,,0,0,/en/players/john-peckskamp/p182/overview,john-peckskamp,p182
1977.07.02,1977,7,2,322,322,,,38,0,0,/en/players/patricio-rodriguez/r074/overview,patricio-rodriguez,r074
1977.07.02,1977,7,2,322,322,,,,0,0,/en/players/george-rudman/r085/overview,george-rudman,r085
1977.07.02,1977,7,2,322,322,,,20,0,0,/en/players/john-sadri/s005/overview,john-sadri,s005
1977.07.02,1977,7,2,322,322,,,,0,0,/en/players/lars-samuelson/s307/overview,lars-samuelson,s307
1977.07.02,1977,7,2,322,322,,,21,0,0,/en/players/sean-sorensen/s067/overview,sean-sorensen,s067
1977.07.02,1977,7,2,322,322,,,,0,0,/en/players/harvey-spiegel/s174/overview,harvey-spiegel,s174
1977.07.02,1977,7,2,322,322,,,38,0,0,/en/players/dimitri-sturdza/s241/overview,dimitri-sturdza,s241
1977.07.02,1977,7,2,322,322,,,,0,0,/en/players/matti-timonen/t022/overview,matti-timonen,t022
1977.07.02,1977,7,2,322,322,,,,0,0,/en/players/hugo-varela/v080/overview,hugo-varela,v080
1977.07.02,1977,7,2,322,322,,,27,0,0,/en/players/pancho-walthall/w099/overview,pancho-walthall,w099
1977.07.02,1977,7,2,322,322,,,,0,0,/en/players/jan-zabrodsky/z030/overview,jan-zabrodsky,z030
1977.07.02,1977,7,2,366,366,,,42,0,0,/en/players/mal-anderson/a060/overview,mal-anderson,a060
1977.07.02,1977,7,2,366,366,,,20,0,0,/en/players/juan%20carlos-andrade/a024/overview,juan%20carlos-andrade,a024
1977.07.02,1977,7,2,366,366,,,25,0,0,/en/players/luis-baraldi/b009/overview,luis-baraldi,b009
1977.07.02,1977,7,2,366,366,,,23,0,0,/en/players/givaldo-barbosa/b015/overview,givaldo-barbosa,b015
1977.07.02,1977,7,2,366,366,,,32,0,0,/en/players/william-brown/b134/overview,william-brown,b134
1977.07.02,1977,7,2,366,366,,,,0,0,/en/players/salvador-cabeza/c281/overview,salvador-cabeza,c281
1977.07.02,1977,7,2,366,366,,,14,0,0,/en/players/robert-casey/c100/overview,robert-casey,c100
1977.07.02,1977,7,2,366,366,,,,0,0,/en/players/enrique-caviglia/c145/overview,enrique-caviglia,c145
1977.07.02,1977,7,2,366,366,,,18,0,0,/en/players/jose-luis-clerc/c039/overview,jose-luis-clerc,c039
1977.07.02,1977,7,2,366,366,,,21,0,0,/en/players/dale-collings/c085/overview,dale-collings,c085
1977.07.02,1977,7,2,366,366,,,,0,0,/en/players/larry-collins/c214/overview,larry-collins,c214
1977.07.02,1977,7,2,366,366,,,,0,0,/en/players/eddie-cruz/c225/overview,eddie-cruz,c225
1977.07.02,1977,7,2,366,366,,,33,0,0,/en/players/owen-davidson/d054/overview,owen-davidson,d054
1977.07.02,1977,7,2,366,366,,,19,0,0,/en/players/lorenzo-fargas/f005/overview,lorenzo-fargas,f005
1977.07.02,1977,7,2,366,366,,,26,0,0,/en/players/welry-fritz/f057/overview,welry-fritz,f057
1977.07.02,1977,7,2,366,366,,,24,0,0,/en/players/rejean-genois/g072/overview,rejean-genois,g072
1977.07.02,1977,7,2,366,366,,,21,0,0,/en/players/gunther-gnettner/g088/overview,gunther-gnettner,g088
1977.07.02,1977,7,2,366,366,,,,0,0,/en/players/adolfo-gonzalez/g141/overview,adolfo-gonzalez,g141
1977.07.02,1977,7,2,366,366,,,,0,0,/en/players/bo-holmstrom/h181/overview,bo-holmstrom,h181
1977.07.02,1977,7,2,366,366,,,30,0,0,/en/players/patrick-hombergen/h127/overview,patrick-hombergen,h127
1977.07.02,1977,7,2,366,366,,,30,0,0,/en/players/rudolf-hoskowetz/h183/overview,rudolf-hoskowetz,h183
1977.07.02,1977,7,2,366,366,,,19,0,0,/en/players/andrew-jarrett/j030/overview,andrew-jarrett,j030
1977.07.02,1977,7,2,366,366,,,,0,0,/en/players/noel-jensen/j062/overview,noel-jensen,j062
1977.07.02,1977,7,2,366,366,,,,0,0,/en/players/sachio-kato/k084/overview,sachio-kato,k084
1977.07.02,1977,7,2,366,366,,,,0,0,/en/players/r.-kiesling/k141/overview,r.-kiesling,k141
1977.07.02,1977,7,2,366,366,,,,0,0,/en/players/tom-kreiss/k142/overview,tom-kreiss,k142
1977.07.02,1977,7,2,366,366,,,16,0,0,/en/players/ramesh-krishnan/k024/overview,ramesh-krishnan,k024
1977.07.02,1977,7,2,366,366,,,,0,0,/en/players/jose-llamas/l034/overview,jose-llamas,l034
1977.07.02,1977,7,2,366,366,,,,0,0,/en/players/roberto-lombardi/l092/overview,roberto-lombardi,l092
1977.07.02,1977,7,2,366,366,,,,0,0,/en/players/ali-madani/m007/overview,ali-madani,m007
1977.07.02,1977,7,2,366,366,,,,0,0,/en/players/saeed-meer/m275/overview,saeed-meer,m275
1977.07.02,1977,7,2,366,366,,,63,0,0,/en/players/gardnar-mulloy/m273/overview,gardnar-mulloy,m273
1977.07.02,1977,7,2,366,366,,,12,0,0,/en/players/ed-nagel/n103/overview,ed-nagel,n103
1977.07.02,1977,7,2,366,366,,,,0,0,/en/players/raimo-ojala/o041/overview,raimo-ojala,o041
1977.07.02,1977,7,2,366,366,,,20,0,0,/en/players/leo-palin/p003/overview,leo-palin,p003
1977.07.02,1977,7,2,366,366,,,21,0,0,/en/players/gary-plock/p134/overview,gary-plock,p134
1977.07.02,1977,7,2,366,366,,,,0,0,/en/players/bruno-renoult/r061/overview,bruno-renoult,r061
1977.07.02,1977,7,2,366,366,,,31,0,0,/en/players/robert-rheinberger/r069/overview,robert-rheinberger,r069
1977.07.02,1977,7,2,366,366,,,,0,0,/en/players/rafael-ruiz/r209/overview,rafael-ruiz,r209
1977.07.02,1977,7,2,366,366,,,,0,0,/en/players/gene-russo/r155/overview,gene-russo,r155
1977.07.02,1977,7,2,366,366,,,,0,0,/en/players/dragan-savic/s152/overview,dragan-savic,s152
1977.07.02,1977,7,2,366,366,,,,0,0,/en/players/jose-schmidt/s023/overview,jose-schmidt,s023
1977.07.02,1977,7,2,366,366,,,12,0,0,/en/players/peter-smith/s343/overview,peter-smith,s343
1977.07.02,1977,7,2,366,366,,,10,0,0,/en/players/jonas-svensson/s101/overview,jonas-svensson,s101
1977.07.02,1977,7,2,366,366,,,,0,0,/en/players/yuji-tezuka/t090/overview,yuji-tezuka,t090
1977.07.02,1977,7,2,366,366,,,,0,0,/en/players/fernando-vasquez/v070/overview,fernando-vasquez,v070
1977.07.02,1977,7,2,366,366,,,,0,0,/en/players/yair-werthimer/w043/overview,yair-werthimer,w043
1977.06.19,1977,6,19,3,3,7,up,25,0,0,/en/players/brian-gottfried/g029/overview,brian-gottfried,g029
